key,category,period,n_re_mean,n_im_mean,n_im_max,epsr_min,epsr_max,spp_dist,lossless,wood,unreliable,solved,awe_nonphys,hyb_nonphys,dR_max,dR_median,Rrel_min,Rrel_spread,A_min,A_max,D_awe_max,D_hyb_max,t_awe,t_hybrid,time
air,superstrate,1.0,1.000296113507294,0.0,0.0,1.0005523512155459,1.0006161007762457,2.000552351215546,True,0,0.7962962962962963,0.9192592592592592,0.0,0.0,5.569506093858423e-07,3.07175920313768e-12,0.3079269582708446,1.3217693803066441,nan,nan,-4.210445849188911,-4.5370992803437575,3.7176127433776855,161.0021948814392,164.75058722496033
water,superstrate,1.0,1.3649021164021164,5.3042804232804244e-08,1.1e-07,1.7715609999999995,1.9488159999999877,2.7715609999999993,True,16,0.8814814814814815,0.9333333333333333,0.0,0.0,0.002193590749784372,8.954259573396017e-08,0.2591389108850455,0.538297563429097,nan,nan,-0.8071499326415366,-2.959701516118188,3.540510654449463,138.24771547317505,141.82919764518738
ethanol,superstrate,1.0,1.3653685637080202,0.0,0.0,1.8486107323140621,1.8673633175126172,2.848610732314062,True,16,0.8651851851851852,0.9333333333333333,0.0,0.0,0.0037654330077063654,5.1091013766879634e-08,0.2567884007459003,0.540354818100433,nan,nan,-0.49309938155424543,-2.953861448624664,3.6992146968841553,144.6854977607727,148.41254544258118
PDMS,superstrate,1.0,1.440827888888889,0.0,0.0,1.9861246109337776,2.110040949604,2.9861246109337776,True,18,0.8822222222222222,0.9333333333333333,0.0,0.0,0.04520900677050225,1.4667306748577386e-07,0.2411387247054284,0.5477080240296193,nan,nan,-0.4829480618197082,-2.971650027221474,3.7883501052856445,134.5916292667389,138.41629815101624
PMMA,superstrate,1.0,1.5022830489647199,0.0,0.0,2.2134426468406705,2.265587292176339,3.2134426468406705,True,16,0.8881481481481481,0.9333333333333333,0.0,0.0,0.00790926932960841,1.4333947058811636e-07,0.23074745786605214,0.5476032461321779,nan,nan,0.11630645590803058,-2.9836241024074757,3.760363817214966,136.44163036346436,140.23669695854187
fused_silica,superstrate,1.0,1.5036010406878566,0.0,0.0,2.120215878066261,2.3665441685213096,3.120215878066261,True,16,0.8925925925925926,0.9333333333333333,0.0,0.0,0.0065896791992783605,1.1267604689210731e-07,0.23325743285666953,0.5483426751701748,nan,nan,-0.05021867093762993,-2.9920129951927272,3.4468512535095215,137.2505588531494,140.7388026714325
BK7,superstrate,1.0,1.542655708706227,1.910841875e-06,2.8607e-06,2.2922101095708407,2.411095491431084,3.2922101095708407,False,18,0.8933333333333333,0.9333333333333333,0.0,0.0,0.0107402495265653,1.7478340083934563e-07,0.2218945518092038,0.5471496402124629,-0.0009782864700064176,6.443243630671613e-05,nan,nan,3.4927077293395996,138.63391280174255,142.17416381835938
CaF2,superstrate,5.0,1.425738692544796,0.0,0.0,2.003286759270965,2.0473791227431044,3.003286759270965,True,18,0.8859259259259259,0.9333333333333333,0.0,0.0,0.0050612898102216294,1.0933390935490006e-07,0.2465145903093694,0.5482745361591375,nan,nan,-0.30595317995616994,-2.9665173282245414,3.463144540786743,139.6817979812622,143.1869785785675
MgF2,superstrate,1.0,1.4022886843934312,0.0,0.0,1.8947550367589117,2.025181211225714,2.8947550367589114,True,16,0.8725925925925926,0.9333333333333333,0.0,0.0,0.005088067725270318,7.297335513113679e-08,0.2522634980110825,0.5446894615191636,nan,nan,0.6299677254023848,-2.9648589969056274,3.7723796367645264,142.90433835983276,146.72234725952148
ZnSe,superstrate,10.0,2.4405744608630164,0.0,0.0,5.8719139977584085,6.0319031949890975,6.8719139977584085,True,30,0.9066666666666666,0.9333333333333333,0.0,0.0,0.09844991383717,4.4177746217136105e-06,0.14792522272875935,0.544045141638146,nan,nan,1.3593172614245201,0.0067305297744868755,3.7080533504486084,133.94719886779785,137.6765480041504
Ag,plasmonic metal,1.0,0.8161391093474427,1.9427467022728029,4.539537037037037,-20.605053233539092,0.423640118316326,0.6759560000000001,False,0,0.8740740740740741,0.9333333333333333,0.0,0.0,0.008657553951406702,3.940132482366243e-07,0.07241292118496741,0.7212626073856518,0.008920329972909924,0.9934748395381008,nan,nan,3.737879514694214,126.63491797447205,130.3893768787384
Au,plasmonic metal,1.0,1.15696181075505,1.898961956756847,3.7616592592592593,-14.13092377234568,0.22705600000000015,0.3281192902551022,False,0,0.8733333333333333,0.9333333333333333,0.0,0.0,0.01403942042079978,4.509693941057158e-07,0.02794411189726567,0.7954527758437021,0.03584279248257427,0.9998202187823924,nan,nan,3.699523448944092,127.87170004844666,131.58712458610535
Cu,plasmonic metal,1.0,0.9992504617150842,2.0000219048450965,3.8199407407407406,-14.544245467160493,-0.5784575663265306,0.09603099999999998,False,0,0.8755555555555555,0.9333333333333333,0.0,0.0,0.020985498213832082,5.116514009556594e-07,0.03380282706763911,0.7805784150319034,0.054342151142217854,0.9994906778282321,nan,nan,3.638796806335449,124.53105473518372,128.18992400169373
Al,plasmonic metal,0.5,0.16294784660447262,1.525344147962267,4.004565589716866,-15.927524933647673,0.14781630136074436,0.14536583537650993,False,0,0.8762962962962964,0.9333333333333333,0.0007407407407407407,0.0,0.17666377495979546,1.345914940886761e-06,0.5922903268947187,0.6434037399343416,0.07417364662570336,0.6901748854110028,nan,nan,3.82087779045105,133.42672610282898,137.26727986335754
Na,plasmonic metal,1.0,0.05221853226442017,1.38853772105486,2.78588048288139,-7.758769984679259,-1.0100001804560002,0.010000180456000152,False,0,0.9111111111111111,0.9333333333333333,0.0007407407407407407,0.0,0.5314352137308125,1.2513352072529571e-05,0.20677056145863232,0.4989937498466219,0.021930963915206325,0.9777222534886075,nan,nan,4.021655797958374,116.84744167327881,120.8962607383728
K,plasmonic metal,1.5,0.13400735787324067,1.0064348940042456,3.005878571538215,-9.033704846824508,0.07399995512000002,0.09843365423592088,False,0,0.8814814814814815,0.9333333333333333,0.0,0.0,0.07446824698468568,7.22353437843104e-07,0.490505180707959,0.590948104140838,0.01582069870133973,0.777687066437448,nan,nan,3.735731840133667,130.4303925037384,134.19656014442444
Mg,plasmonic metal,0.5,0.16884328861908796,2.087783845283822,2.8593230717029314,-8.12726252399871,-3.713181191852,2.713181191852,False,0,0.8970370370370371,0.9333333333333333,0.0,0.0,0.09339785061231487,2.767857143093355e-06,0.19873743843186786,0.5545211151821025,0.09111692194438226,0.9908325364274908,nan,nan,3.4372501373291016,107.23063826560974,110.69970607757568
AuAg50,plasmonic metal,1.0,1.1321829365079366,2.0094892857142854,4.176519999999999,-17.348644123022215,-0.6283601213285714,0.36964018629999995,False,0,0.8755555555555555,0.9333333333333333,0.0,0.0,0.02600908769496965,4.817522914260779e-07,0.03581643804250034,0.8188833179574802,0.06425880228489855,0.999057892678822,nan,nan,3.7422986030578613,131.70430254936218,135.48455023765564
Au_IR,plasmonic metal,10.0,1.5856713863913863,21.78377231657232,45.282222222222224,-2023.502013382716,-110.97389395118344,109.97389395118344,False,0,0.8785185185185185,1.0,0.002962962962962963,0.0,4.919362149401807,2.4822119015777133e-07,0.9544500231703213,0.014445170247971761,0.009946165111402228,0.8770076929012606,nan,nan,3.797705888748169,147.39424514770508,151.23169994354248
Ag_IR,plasmonic metal,10.0,1.374406995731724,22.45425960613461,46.80444444444444,-2169.6878939128333,-117.13332522736799,116.13332522736799,False,0,0.8785185185185185,1.0,0.002962962962962963,0.0,4.428715252816199,2.4943760379425584e-07,0.9634609994667885,0.01155656112375636,0.008244005872906746,0.9827767940414054,nan,nan,3.7937705516815186,148.5334074497223,152.35004925727844
TiN,alternative plasmonic,1.0,1.758615770355931,1.6911990000857549,2.9434042896307044,-6.609776057679726,3.4977263908714087,0.5441591405863135,False,0,0.8755555555555555,0.9333333333333333,0.0,0.0,0.007949311310860241,1.8296502374282042e-07,0.051745599826098214,0.6898548793519556,0.39307540243223504,0.9997998589535465,nan,nan,3.5078582763671875,136.16552662849426,139.7018232345581
ITO,ENZ / TCO,2.0,1.6770552282074267,0.14497896070397845,0.7374004081632647,-0.4667523892171287,5.3477288505429685,0.5332476107828713,False,0,0.8925925925925926,0.9333333333333333,0.0,0.0,0.014673556280453623,1.1102846409517808e-06,0.18237851412490383,0.5588646179675115,0.05071188576415131,0.7477474262657385,nan,nan,4.016233682632446,128.17682719230652,132.22320246696472
AZO,ENZ / TCO,10.0,0.9556362678820106,2.3007055255505295,5.244501594333333,-22.49314623450977,-0.5060043614055256,0.3565050618989558,False,0,0.8785185185185185,0.9348148148148148,0.0,0.0,0.027652414260219582,9.506924926183657e-07,0.04367493929613558,0.7978045286920303,0.23568815712719382,0.9991237770450516,nan,nan,4.029877662658691,128.74947237968445,132.81095600128174
W,lossy metal,1.0,1.009761945237974,3.857534799533378,7.130078104862992,-50.00271847872665,-3.0401029780837434,2.0401029780837434,False,0,0.8785185185185185,0.9348148148148148,0.0,0.0,0.06794567973842336,6.230139054375083e-07,0.2084450790273279,0.593489115027628,0.06707705009044063,0.9973402728596852,nan,nan,3.817204236984253,126.36752367019653,130.21896481513977
Fe,lossy metal,1.0,1.810424272486772,1.962700727513227,3.115333333333333,-1.6138718750000005,-0.014397234567900773,0.11372500000000019,False,0,0.8755555555555555,0.9348148148148148,0.0,0.0,0.009404691262559467,4.5546575219712615e-07,0.02529012857101508,0.7656176897414447,0.46571973311215575,0.9999590851098592,nan,nan,3.859067916870117,136.91044282913208,140.80925226211548
Co,lossy metal,1.0,1.505435185185185,2.4060542328042325,4.300666666666666,-13.387129283950616,-1.1825000000000003,0.18250000000000033,False,0,0.8770370370370371,0.9348148148148148,0.0,0.0,0.013512190327541446,6.182362103090977e-07,0.026408824492002995,0.7908884835416379,0.31041910173300324,0.999943629949944,nan,nan,3.55264949798584,128.9807357788086,132.57949948310852
Cr,lossy metal,1.0,1.7599541446208111,2.239118827160494,3.3485185185185182,-4.055151562500001,-0.9130176296296294,0.05119999999999947,False,0,0.8770370370370371,0.9348148148148148,0.0,0.0,0.011255040592747012,6.048271679326422e-07,0.02768825057011927,0.7850275469027339,0.4422718551418626,0.9995868065547381,nan,nan,3.8794288635253906,130.74144840240479,134.66183066368103
Ni,lossy metal,1.0,1.6100663580246914,2.403604497354497,4.300888888888888,-14.489937821673523,-0.8233698979591854,0.027599999999999514,False,0,0.8770370370370371,0.9348148148148148,0.0,0.0,0.019571457328428354,5.321108449141132e-07,0.03274455023629794,0.7299900386941495,0.29109179452634104,0.9997110981481953,nan,nan,3.763843059539795,130.14000487327576,133.94579362869263
Ti,lossy metal,1.0,1.624833553791887,2.3329163359788363,3.860444444444444,-7.19109660356653,-1.0131999999999997,0.013199999999999656,False,0,0.8770370370370371,0.9348148148148148,0.0,0.0,0.01170562373502032,6.760013099571527e-07,0.03582610013040852,0.7943418897902649,0.3808198046528719,0.9992673486875151,nan,nan,3.64408540725708,127.70490431785583,131.3909194469452
Pt,lossy metal,1.0,1.1333492014378825,2.8623853025303716,6.530778399578439,-42.41843465615439,-0.15653359921674717,0.4557436011020469,False,0,0.8785185185185185,0.9348148148148148,0.0,0.0,0.01724428875469139,4.807585440580464e-07,0.05279154190855377,0.7597771213756788,0.04301780382670517,0.9991027492361062,nan,nan,3.6489737033843994,132.5503809452057,136.21673941612244
Pd,lossy metal,1.0,1.1501226851851851,2.3551452821869483,4.459185185185185,-16.60742802194787,-1.1987999999999996,0.19879999999999964,False,0,0.8770370370370371,0.9348148148148148,0.0,0.0,0.02060495826065592,8.474281983084087e-07,0.029506470228285796,0.8005633596216835,0.2606353722995285,0.9985406319722192,nan,nan,3.6390132904052734,123.9134590625763,127.57804322242737
Mo,lossy metal,1.0,0.662201526607605,4.07497449756239,9.33072729862993,-86.15166349124905,-2.743092177967432,1.7430921779674322,False,0,0.88,0.9348148148148148,0.0,0.0,0.05760108464916158,5.894951535800885e-07,0.2550938545741002,0.5198411002609677,0.04200447950290753,0.9769794358096376,nan,nan,3.691100835800171,125.2133424282074,128.9322988986969
brass,lossy metal,1.0,1.1179285714285714,1.887727513227513,3.832666666666666,-14.491901666666662,-0.4269960000000005,0.042612877551021056,False,0,0.8755555555555555,0.9333333333333333,0.0,0.0,0.029532523086039736,5.333476713331731e-07,0.032378768480277716,0.7918884572409183,0.10594858448193833,0.9994784158883093,nan,nan,3.3563013076782227,123.50778102874756,126.89775657653809
steel,lossy metal,1.0,1.4601010582010583,2.316532804232804,4.2559,-11.794332275555552,-1.1990286399999996,0.19902863999999965,False,0,0.8770370370370371,0.9348148148148148,0.0,0.0,0.012675536339366189,7.178974559263196e-07,0.022928211396174937,0.8017053933153545,0.33010811533232753,0.9996929851920441,nan,nan,3.678804397583008,121.32945942878723,125.04033994674683
VO2_cold,phase change,5.0,3.0623765623265626,0.34836658896658895,0.4633333333333334,8.415311995917161,10.040482390000001,9.415311995917161,False,0,0.8903703703703704,0.9362962962962963,0.0,0.0,0.014512813988728335,9.77948502234316e-07,0.09579825672214125,0.5586878158280335,0.26140902423688994,0.95068161262916,nan,nan,3.672794818878174,125.66648268699646,129.3761248588562
VO2_hot,phase change,5.0,2.3523968457468456,2.55265804010804,5.1899,-8.02792888888888,3.5042336174556215,0.3085539611111112,False,0,0.8762962962962964,0.9362962962962963,0.0,0.0,0.020942302943330382,3.924807294164445e-07,0.05853128303254717,0.7018970252011585,0.31316803052715336,0.9974286135459046,nan,nan,3.709796190261841,138.9288833141327,142.6745889186859
Si,semiconductor,1.0,2.9919285714285713,2.728100190476191,5.262557142857143,-14.672719926734715,31.511676887100002,9.200434210000001,False,0,0.8896296296296297,0.9422222222222222,0.0,0.0,0.05272871669030921,1.8748288309056171e-06,0.2463238837387591,0.4423488397038202,0.017087120352038965,0.9790808122437908,nan,nan,3.4992425441741943,134.36761951446533,137.91452813148499
Si_IR,semiconductor,5.0,3.5386311714343752,0.001532915932888368,0.006812475260924085,11.769375316006732,13.698314074485369,12.769375316006732,False,32,0.9051851851851852,0.9511111111111111,0.0,0.0,0.06672339460262589,1.686513077878149e-05,0.13162149758896774,0.5192910651363358,-4.017358937270241,0.06137157589525033,nan,nan,3.7924981117248535,126.12266373634338,129.9633753299713
Ge,semiconductor,1.0,2.593906179622846,2.562092263600597,4.625523809523811,-11.940577641156496,26.652967421162554,4.8920969900000015,False,0,0.8903703703703704,0.94,0.0,0.0,0.039326344669153135,8.749473760782944e-07,0.2061613164489868,0.5625820388084477,0.32367061203418757,0.9983095753323514,nan,nan,3.8673763275146484,122.01830887794495,125.91819047927856
Ge_IR,semiconductor,10.0,4.056400017321455,0.0001318049256387901,0.000730693044974187,15.720537740844442,17.783256628298936,16.720537740844442,False,48,0.9037037037037037,0.9525925925925925,0.0,0.0,0.0635280378516318,1.4568838806849893e-05,0.13223296438207405,0.500101705634983,-5.200998709383763,0.0063256950328323125,nan,nan,3.621344566345215,150.03891611099243,153.67984437942505
GaAs,semiconductor,1.0,2.7154361922459436,1.94753454663453,2.6598581920903954,-4.903510707255011,17.055846054445432,2.542011200000001,False,0,0.882962962962963,0.9385185185185185,0.0,0.0,0.031928466390168275,6.827511222773364e-07,0.07895622397551388,0.6016825433725028,0.176926211230508,0.9987579386830293,nan,nan,3.9614171981811523,133.97860646247864,137.9643714427948
InP,semiconductor,0.5,1.6302323232323233,2.062061237373737,2.113,-2.6798729999999993,6.352067361096763,1.6798729999999993,False,0,0.8785185185185185,0.9348148148148148,0.0,0.0,0.02067475911438013,5.490990649947847e-07,0.025862517180822026,0.8023707623590522,0.5386192740834823,0.9994696248207517,nan,nan,4.0019330978393555,127.25841903686523,131.28655910491943
GaP,semiconductor,0.5,1.9171130050505045,2.6538806818181815,2.69,-5.522619,18.4614372578053,4.522619,False,0,0.8814814814814815,0.9377777777777778,0.0,0.0,0.03653559479102314,6.388728996942206e-07,0.05555040173363292,0.7468709714117581,0.41662751169052736,0.999107094646714,nan,nan,4.069516897201538,123.60043406486511,127.69725632667542
InSb,semiconductor,5.0,4.1411677502572,0.2809642610325882,0.9371990829018306,15.165963573711352,20.791184388395557,16.165963573711352,False,0,0.8851851851851852,0.9488888888888889,0.0,0.0,0.03442639985486331,3.0832059011998147e-06,0.12630268443165765,0.5058458937828813,0.11672388608125928,0.7601861078437613,nan,nan,4.041147947311401,145.30697584152222,149.37205028533936
CdTe,semiconductor,1.0,2.7010677039691746,1.4226077817735614,1.8938408,2.5277591935174497,10.819967690511415,3.5277591935174497,False,0,0.8866666666666667,0.9362962962962963,0.0,0.0,0.010602571588489082,4.972280525927797e-07,0.0338805154293843,0.6888319113891003,0.2992963939690695,0.9991959919477159,nan,nan,3.723698139190674,123.46702432632446,127.21520256996155
MAPbI3,semiconductor,1.0,2.1397397846422943,0.5241296355424581,0.6527698855156144,3.610514318616,6.109917062598061,4.610514318616,False,0,0.8844444444444445,0.9333333333333333,0.0,0.0,0.004986003596231206,1.7801791843408132e-07,0.11578935833118999,0.6173438368934501,0.3264918684005346,0.9826653113003305,nan,nan,3.7215423583984375,121.65880346298218,125.40458035469055
MoS2,semiconductor,1.0,2.509565764550264,2.378845925925926,3.305021,-3.4548188258400008,23.052517586497288,0.7183840030870212,False,0,0.882962962962963,0.9377777777777778,0.0,0.0,0.024247716515682333,6.028052359496883e-07,0.054895837193634354,0.6798308601681011,0.4490936200973534,0.9992491538688351,nan,nan,3.529294490814209,121.89557814598083,125.44558358192444
SiO2,dielectric,1.0,1.5036010406878566,0.0,0.0,2.120215878066261,2.3665441685213096,3.120215878066261,True,16,0.8925925925925926,0.9333333333333333,0.0,0.0,0.0065896791992783605,1.1267604689210731e-07,0.23325743285666953,0.5483426751701748,nan,nan,-0.05021867093762993,-2.9920129951927272,3.5421438217163086,132.60608863830566,136.17747521400452
sapphire,dielectric,1.0,1.845459674778328,0.0,0.0,3.113321726255226,3.658457279676393,4.113321726255226,True,24,0.8911111111111111,0.9333333333333333,0.0,0.0,0.09161167722293642,3.111653802470582e-07,0.18431395871672238,0.5389445617760493,nan,nan,0.12524198396586103,-1.658913756488546,4.0204689502716064,122.44465661048889,126.4898636341095
Si3N4,dielectric,1.0,2.1399469066099557,0.0,0.0,4.143269512210154,4.734712566729482,5.143269512210154,True,26,0.9037037037037037,0.9333333333333333,0.0,0.0,0.023188095466309226,1.0442319649667242e-06,0.15849476147909697,0.5437563430125825,nan,nan,0.47239035880272523,-0.775583460958884,3.9650356769561768,137.8861482143402,141.86790204048157
TiO2,dielectric,1.0,2.8207156620214655,0.0,0.0,6.583338388307448,8.246652007648184,7.583338388307448,True,36,0.9051851851851852,0.9355555555555556,0.0,0.0,0.12823795281500827,1.694063971771631e-05,0.1253347240405789,0.5367493082725628,nan,nan,2.7614010397257966,0.3850042187311962,3.9601433277130127,126.29357600212097,130.273592710495
ZnO,dielectric,1.0,2.0845674932017744,0.0,0.0,3.922021219502169,4.4327054567392965,4.922021219502168,True,24,0.8925925925925926,0.9333333333333333,0.0,0.0,0.015354287133657864,5.94687828758822e-07,0.1621019564272713,0.5408031964141906,nan,nan,0.03507493727677392,-0.9858399479659493,3.615203857421875,134.3665223121643,138.01437330245972
ZnGeP2,dielectric,5.0,3.218779388687773,0.0,0.0,9.777854485129026,11.276399009999832,10.777854485129026,True,38,0.9,0.942962962962963,0.0007407407407407407,0.0,1.5027129888141193,2.027403059165489e-05,0.12675642960336786,0.5294150748485729,nan,nan,0.6514060409450365,0.5889857596632898,3.6982405185699463,127.3724045753479,131.09689235687256
diamond,dielectric,1.0,2.753525848083708,0.1263838098906593,0.7232927283947868,5.799009288824579,10.01956883520584,6.799009288824579,False,22,0.894074074074074,0.9348148148148148,0.0,0.0,0.059274487279586674,3.2665995624570066e-06,0.1440563589253922,0.5442703859852118,-0.39905483814973375,0.8537009093143209,nan,nan,3.978797197341919,168.0578739643097,172.07779622077942
HfO2,dielectric,0.5,2.3251666666666666,0.0,0.0,3.9144622499999997,5.733630249999999,4.91446225,True,28,0.9037037037037037,0.9333333333333333,0.0,0.0,0.11012163112045473,2.0701374051079746e-06,0.14960875578621163,0.5407734818015655,nan,nan,0.25045072723747797,-0.11584815210894599,3.684347629547119,138.71690821647644,142.4367105960846
Ta2O5,dielectric,1.0,2.2740858333333334,0.0004911666666666667,0.000655,4.534459348329,5.368711005279001,5.534459348329,False,28,0.8970370370370371,0.9333333333333333,0.0,0.0,0.03795125729491652,2.3936036101165903e-06,0.15332394292141752,0.5419148643563765,-0.495191725978557,0.007727233337199713,nan,nan,3.9669744968414307,137.2617347240448,141.26766753196716
LiNbO3,dielectric,1.0,2.4124080518159814,0.0,0.0,5.189707109037357,5.950043444904931,6.189707109037357,True,30,0.9,0.9333333333333333,0.0,0.0,0.251111348423518,3.0252371419070556e-06,0.14789268520707036,0.5441103286643938,nan,nan,1.2910436544781287,-0.019973760433695413,3.514263868331909,135.05859875679016,138.61280155181885
GaN,dielectric,1.0,2.6318350446410395,0.0,0.0,5.646959347551213,7.361766602686137,6.646959347551213,True,28,0.8962962962962963,0.9333333333333333,0.0007407407407407407,0.0,2.106459364441298,4.056876435218348e-06,0.13901576627002651,0.542461451790303,nan,nan,1.3132822778575202,0.29276513082238403,3.6257119178771973,126.54005646705627,130.20235538482666
AlN,dielectric,0.5,2.5226322124045506,0.0,0.0,5.012907139600811,6.6531403451708675,6.012907139600811,True,30,0.902962962962963,0.9333333333333333,0.0,0.0,0.06814423219771842,3.0229651348245845e-06,0.14333329394401317,0.5444805484929978,nan,nan,0.7049864081405548,0.14718702212046356,3.7713494300842285,130.66176342964172,134.47038292884827
ZnS,dielectric,5.0,2.28328224616048,0.0,0.0,5.090677067490878,5.373351695727463,6.090677067490878,True,28,0.8985185185185185,0.9333333333333333,0.0,0.0,0.0603582664222166,3.4938385654326165e-06,0.15505059667517265,0.5420705362098535,nan,nan,0.8075935281297493,-0.2885440235223686,3.8770370483398438,135.877037525177,139.7756109237671
SiO2_IR,phonon polariton,20.0,1.1069609290995928,0.08421758456697549,0.3341119796954313,0.038219721499108586,3.594054069986674,1.0382197214991087,False,8,0.8748148148148148,0.9333333333333333,0.0,0.0,0.00034591338567100034,3.4949968555093164e-08,0.3060838406162408,0.46973420954382195,0.0008716303727848151,0.7606089863922247,nan,nan,3.751269817352295,152.7850968837738,156.56296133995056
sapphire_IR,phonon polariton,25.0,1.388496461407926,0.8559858430232575,4.918919624344438,-23.06800087764991,2.8354256340956336,1.783264,False,0,0.8629629629629629,0.9348148148148148,0.0,0.0,0.002352887431699348,4.6846559680069344e-08,0.23467572659960478,0.5174154536272539,0.14932293040278088,0.434124084134591,nan,nan,3.606678009033203,154.32603240013123,157.96443390846252
SiC_film,phonon polariton,20.0,3.0808305158134117,0.19998307186556438,1.0110982702157425,8.185630398500573,10.274973127384035,9.185630398500573,False,0,0.8948148148148148,0.9414814814814815,0.0,0.0,0.03927504791409597,2.1211084931527235e-06,0.1190911872135451,0.5398369795265259,-2.6510300015208355,0.7510535388395786,nan,nan,3.634606122970581,134.070415019989,137.73445677757263
SiC,phonon polariton,20.0,2.9711435449809365,0.019997755892482684,0.11569277972456726,4.397517672603606,34.07392733081219,5.397517672603606,False,20,0.902962962962963,0.9392592592592592,0.0,0.0,0.04170013603192998,7.492529073265669e-06,0.14953927402119135,0.5474612211105021,-1.2186563660442191,0.22921562750068852,nan,nan,3.6226773262023926,137.73647093772888,141.3929889202118
