key,category,period,n_re_mean,n_im_mean,n_im_max,epsr_min,epsr_max,spp_dist,lossless,wood,unreliable,solved,awe_nonphys,hyb_nonphys,dR_max,dR_median,frac_dR6,frac_dR3,hyb_D_bad,awe_D_bad,Rrel_min,Rrel_spread,A_min,A_max,D_awe_max,D_hyb_max,t_awe,t_hybrid,time
air,superstrate,1.0,1.000296113507294,0.0,0.0,1.0005523512155459,1.0006161007762457,2.000552351215546,True,0,0.0,0.04148148148148148,0.0,0.0,2.069368191523508e-11,7.784431639486278e-17,0.0,0.0,0.0,0.0,0.9570634131314308,0.03979377874752976,nan,nan,-6.933202297309519,-11.501960118568986,9.145829200744629,32.259350538253784,41.49693846702576
water,superstrate,1.0,1.3649021164021164,5.3042804232804244e-08,1.1e-07,1.7715609999999995,1.9488159999999877,2.7715609999999993,True,16,0.4792592592592593,0.6125925925925926,0.0,0.0,0.0010575045403209138,7.930752547735676e-10,0.1748148148148148,0.0007407407407407407,0.3333333333333333,0.5785185185185185,0.9674030738185985,0.028780905839706494,nan,nan,-1.6572064910677502,-5.824091155755444,9.570673942565918,232.7562575340271,242.42480945587158
ethanol,superstrate,1.0,1.3653685637080202,0.0,0.0,1.8486107323140621,1.8673633175126172,2.848610732314062,True,16,0.4533333333333333,0.5992592592592593,0.0,0.0,0.001069760335382565,6.939749989942623e-10,0.15259259259259259,0.0014814814814814814,0.0,0.25703703703703706,0.9679887821139967,0.028972031963803047,nan,nan,-1.3934699948939657,-8.196551256039157,12.516584634780884,203.87669682502747,216.4522888660431
PDMS,superstrate,1.0,1.440827888888889,0.0,0.0,1.9861246109337776,2.110040949604,2.9861246109337776,True,18,0.4740740740740741,0.6111111111111112,0.0,0.0,0.0021822148001344674,1.3749604441115615e-09,0.11925925925925926,0.0044444444444444444,0.0,0.2644444444444444,0.9688322464329213,0.027263219431345243,nan,nan,-1.625854415347951,-8.066979186845183,3.8115439414978027,93.1567223072052,97.00694108009338
PMMA,superstrate,1.0,1.5022830489647199,0.0,0.0,2.2134426468406705,2.265587292176339,3.2134426468406705,True,16,0.41333333333333333,0.5711111111111111,0.0,0.0,0.0015907917994304813,7.827623826894836e-10,0.13111111111111112,0.0014814814814814814,0.0,0.23703703703703705,0.9700070149076975,0.026311274013604447,nan,nan,-0.7961651819068257,-7.988790636048613,4.036985397338867,93.76134133338928,97.8461377620697
fused_silica,superstrate,1.0,1.5036010406878566,0.0,0.0,2.120215878066261,2.3665441685213096,3.120215878066261,True,16,0.5311111111111111,0.6414814814814814,0.0,0.0,0.001108080171605231,1.939610486112464e-09,0.16074074074074074,0.0007407407407407407,0.0,0.27555555555555555,0.969540776011707,0.025967743170962954,nan,nan,-1.299017823011985,-8.00519683084831,3.6549482345581055,94.89443826675415,98.59299921989441
BK7,superstrate,1.0,1.542655708706227,1.910841875e-06,2.8607e-06,2.2922101095708407,2.411095491431084,3.2922101095708407,False,18,0.49777777777777776,0.6207407407407407,0.0,0.0,0.0027134934114530704,1.021766164732707e-09,0.1348148148148148,0.005185185185185185,nan,nan,0.9704535251036636,0.025518927710832084,2.31590194799125e-08,3.823952555226384e-05,nan,nan,4.855021715164185,94.84071397781372,99.73832535743713
CaF2,superstrate,5.0,1.425738692544796,0.0,0.0,2.003286759270965,2.0473791227431044,3.003286759270965,True,18,0.4414814814814815,0.5911111111111111,0.0,0.0,0.0027382607942632343,1.2961796150290361e-09,0.1362962962962963,0.005925925925925926,0.0,0.27185185185185184,0.9689358814563094,0.02771748999392254,nan,nan,-1.702513791247245,-8.042290982675567,3.42718505859375,86.52469515800476,90.00144171714783
MgF2,superstrate,1.0,1.4022886843934312,0.0,0.0,1.8947550367589117,2.025181211225714,2.8947550367589114,True,16,0.44222222222222224,0.5822222222222222,0.0,0.0,0.0009835524373447285,9.58164866893263e-10,0.1474074074074074,0.0,0.0,0.2725925925925926,0.9682988508780587,0.028036307354637136,nan,nan,-1.893963133781875,-8.055498855025359,3.4231321811676025,89.6964852809906,93.15979337692261
ZnSe,superstrate,10.0,2.4405744608630164,0.0,0.0,5.8719139977584085,6.0319031949890975,6.8719139977584085,True,30,0.5644444444444444,0.7,0.0,0.0,0.005300404930021985,3.0974550147000457e-09,0.16592592592592592,0.008148148148148147,0.0,0.32222222222222224,0.9767819412840457,0.016481213849082077,nan,nan,-1.1366411160396659,-7.954014498372537,3.616842269897461,109.4282660484314,113.0847909450531
Ag,plasmonic metal,1.0,0.8161391093474427,1.9427467022728029,4.539537037037037,-20.605053233539092,0.423640118316326,0.6759560000000001,False,0,0.27185185185185184,0.4777777777777778,0.0022222222222222222,0.0,0.17575367081771254,4.392303049050028e-09,0.17777777777777778,0.025185185185185185,nan,nan,0.984224863513726,0.01367007900222783,0.008920329972909924,0.7693761030302321,nan,nan,3.6627144813537598,69.04069375991821,72.72808384895325
Au,plasmonic metal,1.0,1.15696181075505,1.898961956756847,3.7616592592592593,-14.13092377234568,0.22705600000000015,0.3281192902551022,False,0,0.20592592592592593,0.43037037037037035,0.0,0.0,0.07202271476176725,3.7314908940544456e-09,0.1711111111111111,0.023703703703703703,nan,nan,0.9836912193941988,0.013518835259628936,0.03584279248257427,0.7782907660623877,nan,nan,3.6205251216888428,68.33392572402954,71.99249172210693
Cu,plasmonic metal,1.0,0.9992504617150842,2.0000219048450965,3.8199407407407406,-14.544245467160493,-0.5784575663265306,0.09603099999999998,False,0,0.21703703703703703,0.43925925925925924,0.0,0.0,0.0441667153164107,4.963883248887413e-09,0.1985185185185185,0.022962962962962963,nan,nan,0.9864620014203235,0.01170649869744933,0.054342151142217854,0.6817070088089398,nan,nan,3.782735586166382,68.23824191093445,72.0602970123291
Al,plasmonic metal,0.5,0.16294784660447262,1.525344147962267,4.004565589716866,-15.927524933647673,0.14781630136074436,0.14536583537650993,False,0,0.3340740740740741,0.5362962962962963,0.0,0.0,0.058996225467397356,9.949619780846852e-09,0.2362962962962963,0.024444444444444446,nan,nan,0.8914082467330335,0.056842142828193554,0.07417364662570336,0.3785860710119766,nan,nan,3.715243101119995,75.45281553268433,79.20898151397705
Na,plasmonic metal,1.0,0.05221853226442017,1.38853772105486,2.78588048288139,-7.758769984679259,-1.0100001804560002,0.010000180456000152,False,0,0.2777777777777778,0.4925925925925926,0.0,0.0,0.01778119684892665,1.0811608996963429e-08,0.2362962962962963,0.02148148148148148,nan,nan,0.9979466468226943,0.0016076439317294078,0.021930963915206325,0.09469986073008907,nan,nan,3.681917190551758,71.72293424606323,75.44355487823486
K,plasmonic metal,1.5,0.13400735787324067,1.0064348940042456,3.005878571538215,-9.033704846824508,0.07399995512000002,0.09843365423592088,False,0,0.29185185185185186,0.48814814814814816,0.0,0.0,0.022063616738975056,7.650562988681386e-09,0.22,0.01925925925925926,nan,nan,0.9045092668315674,0.07899098491424172,0.01582069870133973,0.5361643896883239,nan,nan,3.551624059677124,67.05021286010742,70.63756704330444
Mg,plasmonic metal,0.5,0.16884328861908796,2.087783845283822,2.8593230717029314,-8.12726252399871,-3.713181191852,2.713181191852,False,0,0.5051851851851852,0.6637037037037037,0.0,0.0,0.05249994230448429,2.3149863803695325e-08,0.26,0.017777777777777778,nan,nan,0.9931830259937925,0.0017202432450444949,0.09111692194438226,0.13634333671110355,nan,nan,3.3561530113220215,77.312171459198,80.70333290100098
AuAg50,plasmonic metal,1.0,1.1321829365079366,2.0094892857142854,4.176519999999999,-17.348644123022215,-0.6283601213285714,0.36964018629999995,False,0,0.20444444444444446,0.42444444444444446,0.0,0.0,0.04460034700377047,4.346508680752592e-09,0.17703703703703705,0.02,nan,nan,0.9876263757899763,0.011954067676918423,0.06425880228489855,0.681989806830877,nan,nan,3.7014875411987305,67.31776714324951,71.05622339248657
Au_IR,plasmonic metal,10.0,1.5856713863913863,21.78377231657232,45.282222222222224,-2023.502013382716,-110.97389395118344,109.97389395118344,False,0,0.25925925925925924,1.0,0.0014814814814814814,0.0,0.21232163936959247,3.4100681001181243e-08,0.2725925925925926,0.04,nan,nan,0.9982264336958514,0.00015415619709291395,0.009946165130692242,0.02049973587649523,nan,nan,4.064849138259888,171.46418833732605,175.554270029068
Ag_IR,plasmonic metal,10.0,1.374406995731724,22.45425960613461,46.80444444444444,-2169.6878939128333,-117.13332522736799,116.13332522736799,False,0,0.26,1.0,0.0014814814814814814,0.0,0.21483169178219097,3.814506227550751e-08,0.27111111111111114,0.040740740740740744,nan,nan,0.9985424687704179,0.000127712965082738,0.008244005950240552,0.017077393978485844,nan,nan,3.9524765014648438,170.72924280166626,174.72856450080872
TiN,alternative plasmonic,1.0,1.758615770355931,1.6911990000857549,2.9434042896307044,-6.609776057679726,3.4977263908714087,0.5441591405863135,False,0,0.19925925925925925,0.42444444444444446,0.0,0.0,0.012960278703205041,3.2808190192357145e-09,0.17185185185185184,0.017037037037037038,nan,nan,0.982982079130525,0.012726162260693674,0.39307540243223504,0.8055092460673231,nan,nan,3.589096784591675,70.69765615463257,74.30719304084778
ITO,ENZ / TCO,2.0,1.6770552282074267,0.14497896070397845,0.7374004081632647,-0.4667523892171287,5.3477288505429685,0.5332476107828713,False,0,0.35333333333333333,0.5296296296296297,0.0,0.0,0.0029854106985955364,1.3697573700288679e-09,0.14592592592592593,0.005185185185185185,nan,nan,0.9740167056347502,0.019265502768979204,0.05071188576415131,0.5185363123764175,nan,nan,3.8935396671295166,92.12656593322754,96.05902695655823
AZO,ENZ / TCO,10.0,0.9556362678820106,2.3007055255505295,5.244501594333333,-22.49314623450977,-0.5060043614055256,0.3565050618989558,False,0,0.26666666666666666,0.48592592592592593,0.0,0.0,0.06181612230355271,6.016395381891471e-09,0.20222222222222222,0.022962962962962963,nan,nan,0.9818744768029699,0.015471787464083508,0.23568815712723667,0.701475980066604,nan,nan,3.7226903438568115,74.51262927055359,78.25946164131165
W,lossy metal,1.0,1.009761945237974,3.857534799533378,7.130078104862992,-50.00271847872665,-3.0401029780837434,2.0401029780837434,False,0,0.31851851851851853,0.5259259259259259,0.0007407407407407407,0.0,0.15038173980078118,1.4898580924516125e-08,0.24296296296296296,0.027407407407407408,nan,nan,0.9927767932494633,0.005340425397306392,0.06707705009046205,0.4670957077305048,nan,nan,3.8313193321228027,79.69972658157349,83.55840873718262
Fe,lossy metal,1.0,1.810424272486772,1.962700727513227,3.115333333333333,-1.6138718750000005,-0.014397234567900773,0.11372500000000019,False,0,0.20444444444444446,0.43037037037037035,0.0,0.0,0.014992993790615139,3.699972855875089e-09,0.16148148148148148,0.017037037037037038,nan,nan,0.98309934473808,0.012601289859355713,0.4657197331121593,0.7340810382838343,nan,nan,3.946995973587036,71.4324586391449,75.40869331359863
Co,lossy metal,1.0,1.505435185185185,2.4060542328042325,4.300666666666666,-13.387129283950616,-1.1825000000000003,0.18250000000000033,False,0,0.22962962962962963,0.45185185185185184,0.0,0.0,0.03355151193542005,4.827802935203351e-09,0.19407407407407407,0.018518518518518517,nan,nan,0.9857150817345446,0.010082296234220411,0.310419101733017,0.6491457199631564,nan,nan,3.786975622177124,72.3971197605133,76.21275424957275
Cr,lossy metal,1.0,1.7599541446208111,2.239118827160494,3.3485185185185182,-4.055151562500001,-0.9130176296296294,0.05119999999999947,False,0,0.22518518518518518,0.44666666666666666,0.0,0.0,0.01775842305952413,4.592079660969972e-09,0.18222222222222223,0.02,nan,nan,0.9830458169476228,0.011131773727146577,0.44227185514185074,0.653137725622553,nan,nan,3.6513473987579346,74.83863925933838,78.5215630531311
Ni,lossy metal,1.0,1.6100663580246914,2.403604497354497,4.300888888888888,-14.489937821673523,-0.8233698979591854,0.027599999999999514,False,0,0.22444444444444445,0.44962962962962966,0.0,0.0,0.039107466876569075,5.70365843444165e-09,0.20962962962962964,0.014074074074074074,nan,nan,0.9863894640147354,0.010244398488266304,0.2910917945264351,0.661371063892013,nan,nan,3.508476734161377,75.67125701904297,79.21569085121155
Ti,lossy metal,1.0,1.624833553791887,2.3329163359788363,3.860444444444444,-7.19109660356653,-1.0131999999999997,0.013199999999999656,False,0,0.22814814814814816,0.45185185185185184,0.0,0.0,0.02354137996025618,4.597128122618699e-09,0.18592592592592594,0.017777777777777778,nan,nan,0.9835626201462366,0.010733377910285835,0.38081980465288934,0.6528372045309787,nan,nan,3.7798116207122803,74.52015781402588,78.33985495567322
Pt,lossy metal,1.0,1.1333492014378825,2.8623853025303716,6.530778399578439,-42.41843465615439,-0.15653359921674717,0.4557436011020469,False,0,0.25407407407407406,0.4740740740740741,0.0,0.0,0.17593904111101888,7.049896472155481e-09,0.2162962962962963,0.025185185185185185,nan,nan,0.9871356370248958,0.009507359819541317,0.0430178038266954,0.7029024268921962,nan,nan,3.819615364074707,76.36144971847534,80.21727681159973
Pd,lossy metal,1.0,1.1501226851851851,2.3551452821869483,4.459185185185185,-16.60742802194787,-1.1987999999999996,0.19879999999999964,False,0,0.24074074074074073,0.4659259259259259,0.0,0.0,0.04812526544020168,5.983851469881785e-09,0.2088888888888889,0.018518518518518517,nan,nan,0.98702737920174,0.010662232302687924,0.2606353722995529,0.6396710768686291,nan,nan,3.9637863636016846,76.02442121505737,80.02739572525024
Mo,lossy metal,1.0,0.662201526607605,4.07497449756239,9.33072729862993,-86.15166349124905,-2.743092177967432,1.7430921779674322,False,0,0.3437037037037037,0.5503703703703704,0.006666666666666667,0.0,1.3008797819194582,1.6670505420535164e-08,0.2614814814814815,0.035555555555555556,nan,nan,0.9932299227437758,0.004978438592578183,0.042004479502810166,0.43149893140848394,nan,nan,3.8600993156433105,87.74474215507507,91.64488911628723
brass,lossy metal,1.0,1.1179285714285714,1.887727513227513,3.832666666666666,-14.491901666666662,-0.4269960000000005,0.042612877551021056,False,0,0.2037037037037037,0.4237037037037037,0.0,0.0,0.030505287038891438,3.627214778534338e-09,0.18518518518518517,0.02148148148148148,nan,nan,0.9854095000457823,0.012620982252203095,0.10594858448193833,0.7271402816778478,nan,nan,3.9553382396698,71.69732928276062,75.68889808654785
steel,lossy metal,1.0,1.4601010582010583,2.316532804232804,4.2559,-11.794332275555552,-1.1990286399999996,0.19902863999999965,False,0,0.22740740740740742,0.45185185185185184,0.0,0.0,0.03158634386719117,5.117537671406325e-09,0.1925925925925926,0.01925925925925926,nan,nan,0.9846926491587221,0.010157837796091584,0.3301081153323827,0.6489627820388714,nan,nan,4.127699851989746,75.14490723609924,79.31323552131653
VO2_cold,phase change,5.0,3.0623765623265626,0.34836658896658895,0.4633333333333334,8.415311995917161,10.040482390000001,9.415311995917161,False,0,0.22,0.4911111111111111,0.0,0.0,0.0036414498809121953,1.9347295293625777e-09,0.17037037037037037,0.011851851851851851,nan,nan,0.9786631646086094,0.013293790710383502,0.26140902423688117,0.749993075412389,nan,nan,3.6597108840942383,89.49738311767578,93.20401859283447
VO2_hot,phase change,5.0,2.3523968457468456,2.55265804010804,5.1899,-8.02792888888888,3.5042336174556215,0.3085539611111112,False,0,0.21777777777777776,0.44296296296296295,0.0,0.0,0.047660652910426315,3.7327720497914996e-09,0.18074074074074073,0.022222222222222223,nan,nan,0.9819689120926822,0.014596634543921017,0.3131680305271777,0.8546500707165298,nan,nan,3.939573049545288,75.80967307090759,79.79371905326843
Si,semiconductor,1.0,2.9919285714285713,2.728100190476191,5.262557142857143,-14.672719926734715,31.511676887100002,9.200434210000001,False,0,0.3288888888888889,0.5488888888888889,0.0,0.0,0.01437357193300215,1.0907082015343406e-08,0.24074074074074073,0.017777777777777778,nan,nan,0.9796233540949337,0.00902303180465669,0.017087120352086926,0.4406896618376663,nan,nan,3.759906053543091,92.05450749397278,95.8594217300415
Si_IR,semiconductor,5.0,3.5386311714343752,0.001532915932888368,0.006812475260924085,11.769375316006732,13.698314074485369,12.769375316006732,False,32,0.4866666666666667,0.7066666666666667,0.0,0.0,0.004695733785433809,2.3605749022159728e-09,0.18888888888888888,0.008888888888888889,nan,nan,0.9786815794689566,0.01174841248479741,-9.592737715280464e-10,0.06146849151993328,nan,nan,3.767340660095215,120.37561893463135,124.18961548805237
Ge,semiconductor,1.0,2.593906179622846,2.562092263600597,4.625523809523811,-11.940577641156496,26.652967421162554,4.8920969900000015,False,0,0.30666666666666664,0.5244444444444445,0.0,0.0,0.040300878371701376,1.141834782281137e-08,0.24296296296296296,0.016296296296296295,nan,nan,0.9808272004939602,0.008105337966103243,0.32367061203418757,0.5357462693156068,nan,nan,3.9634783267974854,81.404470205307,85.39458775520325
Ge_IR,semiconductor,10.0,4.056400017321455,0.0001318049256387901,0.000730693044974187,15.720537740844442,17.783256628298936,16.720537740844442,False,48,0.6177777777777778,0.782962962962963,0.0,0.0,0.01423861061340237,3.2806161121001765e-09,0.20222222222222222,0.011111111111111112,nan,nan,0.9799868690805281,0.010586779889389941,-5.305796912935534e-09,0.0063752901316296295,nan,nan,3.8340647220611572,135.7062520980835,139.58053183555603
GaAs,semiconductor,1.0,2.7154361922459436,1.94753454663453,2.6598581920903954,-4.903510707255011,17.055846054445432,2.542011200000001,False,0,0.2525925925925926,0.48148148148148145,0.0,0.0,0.015849864544617454,5.067876118758363e-09,0.2,0.015555555555555555,nan,nan,0.9793542948727033,0.009184194461030692,0.1769262112305075,0.5413201825728701,nan,nan,3.8957583904266357,83.4673490524292,87.39214563369751
InP,semiconductor,0.5,1.6302323232323233,2.062061237373737,2.113,-2.6798729999999993,6.352067361096763,1.6798729999999993,False,0,0.2288888888888889,0.457037037037037,0.0,0.0,0.007688081047967088,6.684340914109299e-09,0.20592592592592593,0.014814814814814815,nan,nan,0.9804051599657441,0.008974280926848044,0.5386192740834823,0.6410266401470035,nan,nan,4.699716091156006,73.14512801170349,77.87425518035889
GaP,semiconductor,0.5,1.9171130050505045,2.6538806818181815,2.69,-5.522619,18.4614372578053,4.522619,False,0,0.29777777777777775,0.5177777777777778,0.0,0.0,0.023856395531218988,8.982075638819254e-09,0.2288888888888889,0.022222222222222223,nan,nan,0.9817884597521352,0.006566402572752761,0.41662751169052736,0.5379421998954123,nan,nan,3.8005335330963135,80.25296235084534,84.078280210495
InSb,semiconductor,5.0,4.1411677502572,0.2809642610325882,0.9371990829018306,15.165963573711352,20.791184388395557,16.165963573711352,False,0,0.3814814814814815,0.6333333333333333,0.0,0.0,0.02107870641687193,2.5159137273522703e-09,0.19111111111111112,0.014814814814814815,nan,nan,0.9798401119624266,0.010748423805930107,0.11672388608126105,0.6019807047201555,nan,nan,3.5424835681915283,111.06589365005493,114.63894057273865
CdTe,semiconductor,1.0,2.7010677039691746,1.4226077817735614,1.8938408,2.5277591935174497,10.819967690511415,3.5277591935174497,False,0,0.2222222222222222,0.45037037037037037,0.0,0.0,0.006357600760628274,3.3126780762948727e-09,0.1814814814814815,0.011111111111111112,nan,nan,0.9788805735709738,0.0119889396236329,0.2992963939690735,0.6805701606024768,nan,nan,3.92205810546875,79.85044598579407,83.80521273612976
MAPbI3,semiconductor,1.0,2.1397397846422943,0.5241296355424581,0.6527698855156144,3.610514318616,6.109917062598061,4.610514318616,False,0,0.1985185185185185,0.4148148148148148,0.0,0.0,0.007437625926361352,1.3549750071950584e-09,0.14,0.0044444444444444444,nan,nan,0.9773506881607877,0.018481451726146236,0.3264918684005346,0.8633958438094597,nan,nan,3.7669243812561035,73.45745778083801,77.25661635398865
MoS2,semiconductor,1.0,2.509565764550264,2.378845925925926,3.305021,-3.4548188258400008,23.052517586497288,0.7183840030870212,False,0,0.2325925925925926,0.46444444444444444,0.0,0.0,0.027562282282543815,5.599944702394666e-09,0.2051851851851852,0.01925925925925926,nan,nan,0.9808487552517384,0.007505233556724611,0.4490936200973534,0.5531792295036805,nan,nan,3.7504184246063232,80.30601358413696,84.09102439880371
SiO2,dielectric,1.0,1.5036010406878566,0.0,0.0,2.120215878066261,2.3665441685213096,3.120215878066261,True,16,0.5311111111111111,0.6414814814814814,0.0,0.0,0.001108080171605231,1.939610486112464e-09,0.16074074074074074,0.0007407407407407407,0.0,0.27555555555555555,0.969540776011707,0.025967743170962954,nan,nan,-1.299017823011985,-8.00519683084831,3.5996437072753906,96.33818626403809,99.97206473350525
sapphire,dielectric,1.0,1.845459674778328,0.0,0.0,3.113321726255226,3.658457279676393,4.113321726255226,True,24,0.25333333333333335,0.4622222222222222,0.0,0.0,0.0007309195948571046,8.611623636411991e-10,0.12962962962962962,0.0,0.0,0.21925925925925926,0.972987105074675,0.021681454035860748,nan,nan,-1.7689094442914792,-7.844834662964404,3.7513439655303955,83.33317852020264,87.12388157844543
Si3N4,dielectric,1.0,2.1399469066099557,0.0,0.0,4.143269512210154,4.734712566729482,5.143269512210154,True,26,0.4711111111111111,0.6229629629629629,0.0,0.0,0.0019442769936671433,2.5016800991872756e-09,0.1837037037037037,0.007407407407407408,0.0,0.2688888888888889,0.9752421649318177,0.01838389598997059,nan,nan,-1.7886895673480627,-7.807624363263615,3.7928028106689453,104.1477723121643,107.97640943527222
TiO2,dielectric,1.0,2.8207156620214655,0.0,0.0,6.583338388307448,8.246652007648184,7.583338388307448,True,36,0.562962962962963,0.7096296296296296,0.0,0.0,0.001998350326579579,2.230932286129139e-09,0.17777777777777778,0.003703703703703704,0.0,0.2837037037037037,0.9775006864782022,0.014121466862754617,nan,nan,-1.9001829599329556,-7.575775144719761,3.9825961589813232,124.14330124855042,128.16190361976624
ZnO,dielectric,1.0,2.0845674932017744,0.0,0.0,3.922021219502169,4.4327054567392965,4.922021219502168,True,24,0.33037037037037037,0.5311111111111111,0.0,0.0,0.00974870471249159,2.5200445757933565e-09,0.19703703703703704,0.011851851851851851,0.0,0.2688888888888889,0.9748353594553437,0.01898109250831792,nan,nan,-1.7151805203606487,-7.790540976391772,3.7184808254241943,83.31918406486511,87.07977175712585
ZnGeP2,dielectric,5.0,3.218779388687773,0.0,0.0,9.777854485129026,11.276399009999832,10.777854485129026,True,38,0.43851851851851853,0.6385185185185185,0.0,0.0,0.003617919007106729,1.555316903045778e-09,0.1725925925925926,0.012592592592592593,0.0,0.2348148148148148,0.9786485290896646,0.012821530901553024,nan,nan,-2.1596284333940003,-7.535362668688598,3.962681531906128,113.71137642860413,117.7126669883728
diamond,dielectric,1.0,2.753525848083708,0.1263838098906593,0.7232927283947868,5.799009288824579,10.01956883520584,6.799009288824579,False,22,0.4288888888888889,0.62,0.0,0.0,0.01008181693708926,1.5805098896315428e-09,0.16074074074074074,0.006666666666666667,nan,nan,0.9767019886421294,0.015760481792764458,-2.2778396946421253e-09,0.7032127322488461,nan,nan,4.007961988449097,101.64063954353333,105.69400477409363
HfO2,dielectric,0.5,2.3251666666666666,0.0,0.0,3.9144622499999997,5.733630249999999,4.91446225,True,28,0.44222222222222224,0.6111111111111112,0.0,0.0,0.009015203458142718,6.899538287918894e-09,0.22740740740740742,0.012592592592592593,0.0,0.3,0.9748208781655711,0.01691157086131967,nan,nan,-1.7583910842842803,-7.869401900297246,3.7228641510009766,86.89820981025696,90.65942335128784
Ta2O5,dielectric,1.0,2.2740858333333334,0.0004911666666666667,0.000655,4.534459348329,5.368711005279001,5.534459348329,False,28,0.45925925925925926,0.6325925925925926,0.0,0.0,0.0014544437356726059,1.6408948783075417e-09,0.1622222222222222,0.0022222222222222222,nan,nan,0.9756854521815767,0.017340179896980668,-2.950084621033966e-12,0.007731887766633583,nan,nan,3.683894157409668,104.02588319778442,107.75907254219055
LiNbO3,dielectric,1.0,2.4124080518159814,0.0,0.0,5.189707109037357,5.950043444904931,6.189707109037357,True,30,0.5066666666666667,0.6637037037037037,0.0,0.0,0.0042926193004839686,2.233421669828317e-09,0.16962962962962963,0.0044444444444444444,0.0,0.25037037037037035,0.9759823522977109,0.016490994081103993,nan,nan,-1.5994043840036385,-7.9035068716947565,4.0432093143463135,111.18647813796997,115.2793037891388
GaN,dielectric,1.0,2.6318350446410395,0.0,0.0,5.646959347551213,7.361766602686137,6.646959347551213,True,28,0.40370370370370373,0.5925925925925926,0.0,0.0,0.00497066415863659,1.3412620875064007e-09,0.16148148148148148,0.0022222222222222222,0.0,0.23037037037037036,0.9765313624941434,0.014922111391723503,nan,nan,-1.5401427918571384,-7.858519472528913,3.903759717941284,103.38128876686096,107.3107340335846
AlN,dielectric,0.5,2.5226322124045506,0.0,0.0,5.012907139600811,6.6531403451708675,6.012907139600811,True,30,0.41259259259259257,0.5955555555555555,0.0,0.0,0.00181510539025323,1.9096256936856904e-09,0.1637037037037037,0.0014814814814814814,0.0,0.23925925925925925,0.9757535126237458,0.015652492968146525,nan,nan,-1.6044316089572466,-7.750404317148366,3.7343926429748535,103.1054573059082,106.86824822425842
ZnS,dielectric,5.0,2.28328224616048,0.0,0.0,5.090677067490878,5.373351695727463,6.090677067490878,True,28,0.4888888888888889,0.642962962962963,0.0,0.0,0.0027861963478588714,1.2784643066421353e-09,0.15185185185185185,0.002962962962962963,0.0,0.24518518518518517,0.9758554251667149,0.01760842166928811,nan,nan,-1.5394173280025591,-8.02956570316816,3.958833932876587,108.19146609306335,112.19313383102417
SiO2_IR,phonon polariton,20.0,1.1069609290995928,0.08421758456697549,0.3341119796954313,0.038219721499108586,3.594054069986674,1.0382197214991087,False,8,0.5762962962962963,0.6822222222222222,0.0,0.0,0.0010089890706480587,2.3586588368193495e-10,0.0874074074074074,0.0007407407407407407,nan,nan,0.9631987967288212,0.03342140741076327,0.0008789406472377026,0.6710859877345834,nan,nan,3.968621015548706,106.87830424308777,110.87535643577576
sapphire_IR,phonon polariton,25.0,1.388496461407926,0.8559858430232575,4.918919624344438,-23.06800087764991,2.8354256340956336,1.783264,False,0,0.4140740740740741,0.5785185185185185,0.0,0.0,0.03322406271953693,6.744749411757844e-10,0.10888888888888888,0.02074074074074074,nan,nan,0.9547182112599588,0.027486564548425796,0.14932293040285693,0.4280190277065614,nan,nan,3.7767903804779053,102.02337002754211,105.84746623039246
SiC_film,phonon polariton,20.0,3.0808305158134117,0.19998307186556438,1.0110982702157425,8.185630398500573,10.274973127384035,9.185630398500573,False,0,0.302962962962963,0.5607407407407408,0.0,0.0,0.01419409574895536,1.5915251200260272e-09,0.16814814814814816,0.013333333333333334,nan,nan,0.9795880744244955,0.01336700214824682,0.06634637376883379,0.6649514652836921,nan,nan,3.816138982772827,104.0132315158844,107.86582279205322
SiC,phonon polariton,20.0,2.9711435449809365,0.019997755892482684,0.11569277972456726,4.397517672603606,34.07392733081219,5.397517672603606,False,20,0.41333333333333333,0.6096296296296296,0.0,0.0,0.03575513629868843,1.4365529460436122e-09,0.15407407407407409,0.016296296296296295,nan,nan,0.9795592348684174,0.01614269054154449,0.0006094952789885699,0.1896041875970289,nan,nan,3.9461236000061035,111.55497336387634,115.53214073181152
