key,category,period,windows,n_re_mean,n_im_mean,n_im_max,epsr_min,epsr_max,spp_dist,lossless,rayleigh,unreliable,solved,awe_nonphys,hyb_nonphys,dR_max,dR_median,frac_dR6,frac_dR3,err_awe_max,err_hyb_max,err_awe_med,err_hyb_med,hyb_better,hyb_worse,Rrel_min,Rrel_spread,A_min,A_max,D_awe_max,D_hyb_max,t_awe,t_hybrid,time
Ag,plasmonic metal,1.0,5,0.06577093598254044,3.1494792815051964,5.787456529993516,-33.493053086564586,-1.3203294463354636,0.32032944633546356,False,0,0.5107438016528926,0.6677685950413224,0.008264462809917356,0.0,0.11221074432311995,6.053298973185406e-09,0.2545454545454545,0.049586776859504134,0.05720075668509239,5.759756205314659e-08,3.952843443677523e-06,3.0320190802513025e-12,0.9090909090909091,0.0,0.9844500514566839,0.003195820317119513,0.00462745340070958,0.21185627995252276,nan,nan,3.185831069946289,81.7371826171875,86.48698353767395
Au,plasmonic metal,1.0,5,0.9387918568252347,2.743530836522589,5.142939807514939,-26.423898093327026,-1.3059398216040345,0.30593982160403455,False,0,0.4446280991735537,0.6148760330578512,0.0,0.0,0.031709744613816815,2.942596111221718e-09,0.19669421487603306,0.03636363636363636,0.031709744590695976,5.826156224131296e-10,1.4661364380053055e-06,5.394351632048711e-12,0.9,0.00909090909090909,0.9625077356672621,0.012749323056000406,0.023172089834714527,0.6184870692516717,nan,nan,3.070955991744995,82.07313275337219,86.71665978431702
Cu,plasmonic metal,1.0,5,0.970571613487477,2.891031673411188,5.240766563480662,-27.395867519250352,-1.634102068754905,0.634102068754905,False,0,0.45289256198347105,0.6214876033057851,0.0,0.0,0.020555887557833774,3.3271759236619403e-09,0.19669421487603306,0.02975206611570248,0.020555887521462535,5.869305041983353e-10,2.1428525905364815e-06,5.426187277279837e-12,0.9,0.00909090909090909,0.9605711919091973,0.01404724997117801,0.03635243511430508,0.6057546375075484,nan,nan,3.2525298595428467,83.72843050956726,88.3012957572937
Al,plasmonic metal,0.5,5,0.22960749778437345,3.0695314976502024,5.012399955232292,-24.849486000407243,-3.499879230860775,2.499879230860775,False,0,0.5322314049586777,0.6776859504132231,0.0,0.0,0.05566442805041638,1.306923647081959e-08,0.24958677685950414,0.049586776859504134,0.04286278306789704,2.4293381321038865e-06,3.7246863494599936e-06,5.10747000248557e-12,0.9090909090909091,0.0,0.9064419554299826,0.01647938819122119,0.07369662745275984,0.5339244194154416,nan,nan,3.107433795928955,77.87676334381104,82.4866840839386
Na,plasmonic metal,1.0,5,0.059192385872247566,2.1160190809874315,3.580077175486594,-12.814245297707524,-1.409918600041448,0.4099186000414481,False,0,0.5057851239669422,0.7140495867768595,0.0,0.0,0.029401554321560552,9.651796029075399e-09,0.2644628099173554,0.021487603305785124,0.029401556009835184,1.6244529277287256e-08,3.3997208051528283e-06,1.1840528557627295e-13,0.9181818181818182,0.01818181818181818,0.9247800261060365,0.006344837300129136,0.014947603976672053,0.14964501777157335,nan,nan,3.304001569747925,85.36283135414124,90.38031649589539
K,plasmonic metal,1.5,5,0.04702907158146028,2.2743710957099372,3.818661137299847,-14.5797706919423,-1.7306282836128704,0.7306282836128704,False,0,0.5570247933884298,0.7289256198347107,0.0,0.0,0.03359509525946869,2.1742432187998872e-08,0.29256198347107437,0.04462809917355372,0.03359509517455683,1.2202043819797836e-09,4.582060566304946e-06,1.3800072196090696e-13,0.9090909090909091,0.00909090909090909,0.8886715976096448,0.005339512567186788,0.012501023843839887,0.24697125324665103,nan,nan,3.220026969909668,83.04451537132263,87.78861021995544
Mg,plasmonic metal,0.5,5,0.2130882241605005,2.3832321982388605,3.7024770404091214,-13.5487944666295,-3.713181191852,2.713181191852,False,0,0.5289256198347108,0.7223140495867768,0.0,0.0,0.025593256804461006,2.6988022594487404e-08,0.2859504132231405,0.04628099173553719,0.02559325685885594,2.4429698264327726e-09,2.365579476748536e-06,1.79090076102284e-12,0.9090909090909091,0.0,0.6744931627996145,0.02554646224573165,0.10198088781046855,0.7288442938221751,nan,nan,3.3847947120666504,85.59926772117615,90.66083645820618
AuAg50,plasmonic metal,1.0,5,0.7315786229634712,2.881899645433417,5.502028556742622,-30.117590306552938,-0.5722517630015541,0.2989012994479643,False,0,0.4115702479338843,0.5801652892561984,0.0,0.0,0.047866796885586815,3.4271582238787346e-09,0.18181818181818182,0.04297520661157025,0.04089251345874689,5.908589173486689e-10,6.640218465914227e-07,1.211086786412352e-12,0.9,0.0,0.9436038096752579,0.014287102587352218,0.048843074471555004,0.6789345481237294,nan,nan,3.2067112922668457,80.102290391922,84.70836400985718
Au_IR,plasmonic metal,10.0,5,3.5747959615554925,35.76641571596238,55.54456212690543,-3024.800493252073,-557.124961518736,556.124961518736,False,0,1.0,1.0,0.0,0.0,0.15896853896423058,0.0005977322431890419,1.0,0.06446280991735537,0.15990469241581717,0.007797049754009522,0.00036692128408821745,0.0006593263111859815,0.34545454545454546,0.4,0.9599553774987565,0.002241518517200558,0.01010717179381404,0.14071615846802943,nan,nan,3.2266969680786133,126.4103136062622,131.1958339214325
Ag_IR,plasmonic metal,10.0,5,3.1465482200794606,36.921951735567475,57.74180831641485,-3285.3910573219605,-588.8509772842268,587.8509772842268,False,0,1.0,1.0,0.0,0.0,0.16297202382529563,0.0005315047361125202,1.0,0.06611570247933884,0.16385375186502993,0.007131167293313756,0.0003365085406765167,0.0005794603698720535,0.32727272727272727,0.39090909090909093,0.9672890977752326,0.0019065736843919545,0.008485186622084195,0.11685159476008145,nan,nan,3.4463260173797607,126.86218619346619,131.63955092430115
TiN,alternative plasmonic,1.0,5,1.70063941271489,1.968513537886886,3.8154376081244954,-11.231149497353321,3.504268266937724,0.6628371986665671,False,0,0.3851239669421488,0.5669421487603306,0.0,0.0,0.028374344030007936,1.7010725050781161e-09,0.1487603305785124,0.03140495867768595,0.02837434382710402,2.0290391589128376e-10,2.1940313246759935e-07,1.8366419496373965e-12,0.8727272727272727,0.02727272727272727,0.779929024547133,0.054443007064709725,0.32378355109163637,0.8033337549710519,nan,nan,3.340118885040283,81.7519280910492,86.96575617790222
ITO,ENZ / TCO,2.0,5,1.1146241637232581,0.3961481459825954,1.6971881158915298,-2.8274347648685185,2.8811041652002327,1.5360305185050072,False,0,0.4578512396694215,0.6264462809917355,0.0,0.0,0.002273421713938628,4.307430523375899e-10,0.08099173553719008,0.006611570247933884,0.0022734260128868256,1.1406208803854678e-08,7.873383840728554e-08,3.1626784524618756e-13,0.9,0.0,0.619091847627165,0.14459122391296075,0.0842725731847741,0.630748132312177,nan,nan,3.324777126312256,79.77137637138367,85.03619718551636
AZO,ENZ / TCO,10.0,5,1.6282866170742694,4.150929508606091,6.120864780646364,-28.725836935789417,-6.824090009334312,5.824090009334312,False,0,0.4479338842975207,0.6363636363636364,0.0,0.0,0.09218465821302696,8.95150020774338e-09,0.228099173553719,0.04462809917355372,0.09218465705221113,2.3096460299854016e-09,9.312646961079363e-06,2.146680055936656e-10,0.8909090909090909,0.00909090909090909,0.8194943746851646,0.02895326114609642,0.22262028754179763,0.5096245520153457,nan,nan,3.0891246795654297,89.45267534255981,94.09469032287598
W,lossy metal,1.0,5,1.51654617508484,5.77581200772549,9.632353159024293,-91.32547170175815,-10.951773086183373,9.951773086183373,False,0,0.4231404958677686,0.9338842975206612,0.0,0.0,0.2864286914076796,1.7691683118492563e-08,0.23636363636363636,0.04462809917355372,0.2864289000481148,2.530990883542472e-07,4.378606490884618e-06,1.2629830126176245e-08,0.8454545454545455,0.08181818181818182,0.9381308513976292,0.010134307723460356,0.04943883036739005,0.32375648408930424,nan,nan,3.468269109725952,124.16866421699524,129.0956060886383
Fe,lossy metal,1.0,5,2.526143171766452,2.814833882380857,3.4077832564346178,-2.95708051659652,-0.37348368615192096,0.17811119629839467,False,0,0.40165289256198344,0.6,0.0,0.0,0.022902877921781473,4.294501920742988e-09,0.18016528925619835,0.023140495867768594,0.022902877893458073,2.1854747456195867e-09,1.6978819804280842e-06,1.0615738843533506e-10,0.8727272727272727,0.02727272727272727,0.8078864148320436,0.05536794967641345,0.43340828348350635,0.632271368867152,nan,nan,3.527148962020874,86.97192811965942,92.10329842567444
Co,lossy metal,1.0,5,1.9075889268652002,3.5492153121870915,4.909290069421724,-17.636553803064533,-4.200556114837724,3.200556114837724,False,0,0.4214876033057851,0.6198347107438017,0.0,0.0,0.054722369977614704,5.8772798849915375e-09,0.21818181818181817,0.04132231404958678,0.05472236955647969,7.715422745135925e-10,5.510689157772752e-06,5.501743505220702e-11,0.8818181818181818,0.0,0.8004099487479871,0.040680799063822715,0.27748940778659603,0.5594123481278239,nan,nan,3.180911064147949,86.04843997955322,90.74953842163086
Cr,lossy metal,1.0,5,2.5406251076007806,3.086172228468551,3.4841842956316746,-4.160310938793541,-0.5564059667597099,0.4435940332402901,False,0,0.4066115702479339,0.6082644628099173,0.0,0.0,0.023765623465648034,5.410422443397067e-09,0.18512396694214875,0.021487603305785124,0.02376562342760513,1.5781816964377526e-09,2.3624961221213603e-06,3.3150338030196735e-10,0.8636363636363636,0.02727272727272727,0.813144681612699,0.05375293966343031,0.42996013812232725,0.6195819604339265,nan,nan,3.0957162380218506,87.51793909072876,92.10454797744751
Ni,lossy metal,1.0,5,1.9031777824634628,3.348443810679739,4.997197921605886,-19.797977033767406,-1.978708433388371,0.9787084333883711,False,0,0.41818181818181815,0.6099173553719008,0.0,0.0,0.05661687172456681,4.502862638311456e-09,0.19834710743801653,0.04132231404958678,0.056616871163864435,5.865821717243591e-10,2.7499381562712255e-06,6.018180398470463e-11,0.8818181818181818,0.01818181818181818,0.815785043313064,0.04007661326907219,0.2548958380039994,0.5613743407145527,nan,nan,3.4132790565490723,87.47695899009705,92.60303330421448
Ti,lossy metal,1.0,5,2.38910574351748,3.295232280424058,4.004769630460406,-6.125636667633877,-4.244534605768502,3.244534605768502,False,0,0.40826446280991735,0.6115702479338843,0.0,0.0,0.032873922282183,5.917608847383349e-09,0.2049586776859504,0.02975206611570248,0.03287392223236768,2.235126639327234e-09,4.295063574966118e-06,1.6986750894787406e-10,0.8727272727272727,0.01818181818181818,0.8177002073856227,0.04724864273994356,0.38050262702273185,0.5935624233578295,nan,nan,3.3691155910491943,88.48360061645508,93.41374254226685
Pt,lossy metal,1.0,5,0.8347623278802654,4.827000254171459,8.403218128380612,-70.2540333406983,-7.462725481510686,6.462725481510686,False,0,0.4446280991735537,0.6347107438016529,0.0,0.0,0.11458659195161924,6.228794702245466e-09,0.2396694214876033,0.04462809917355372,0.1145866316963039,3.974468465450798e-08,9.034850331268718e-06,8.590630429239354e-10,0.8636363636363636,0.01818181818181818,0.9621391909370945,0.008626855314341153,0.03280034414762001,0.37568869047201703,nan,nan,3.2212655544281006,89.38872051239014,94.02419018745422
Pd,lossy metal,1.0,5,1.5487604922375502,3.6308700837009176,5.22242829114548,-22.956573995436656,-5.153488790589182,4.153488790589182,False,0,0.4413223140495868,0.628099173553719,0.0,0.0,0.062041469550025874,7.053992723271563e-09,0.22644628099173553,0.04297520661157025,0.062041468791055765,8.061445955220847e-10,7.0699522035644335e-06,1.7978590838296782e-10,0.8909090909090909,0.01818181818181818,0.8247595533701703,0.03564693069478775,0.2261747767055412,0.5409563882934008,nan,nan,3.31736421585083,90.63055729866028,95.32259178161621
Mo,lossy metal,1.0,5,0.7741563684783601,7.104789323926807,11.954247435691427,-139.54982903478373,-17.76538669859905,16.76538669859905,False,0,0.4380165289256198,1.0,0.0,0.0,0.5860970653536846,7.357361120341466e-08,0.24793388429752067,0.05289256198347107,0.5860989447994422,2.7089536153157567e-06,6.9704399589531896e-06,2.933991516407275e-08,0.8545454545454545,0.08181818181818182,0.8494783798882848,0.008326821063018075,0.04104156618542709,0.5133689172150653,nan,nan,3.1718544960021973,129.1394772529602,134.10367918014526
brass,lossy metal,1.0,5,0.9567008296263955,2.763999129061028,5.103046148071293,-25.80809476988683,-1.052779601736942,0.05277960173694196,False,0,0.43140495867768597,0.5950413223140496,0.0,0.0,0.030452747185135576,3.6917855439355662e-09,0.19504132231404958,0.03966942148760331,0.030452747137299063,5.511614498132644e-10,1.3279251034614692e-06,6.950162667607174e-12,0.9,0.00909090909090909,0.9222486997007161,0.015770827252958308,0.06837040568543085,0.6332620052966761,nan,nan,3.321565628051758,83.57108187675476,88.41424655914307
steel,lossy metal,1.0,5,2.004547012979052,3.4328834536659842,4.84060720425897,-13.396382386976109,-3.9735385203214912,2.9735385203214912,False,0,0.4115702479338843,0.6165289256198347,0.0,0.0,0.05167654114403403,5.115640022701484e-09,0.21652892561983472,0.03966942148760331,0.05167654119375281,3.0823110730437975e-10,5.407866633722058e-06,4.1453895871512714e-11,0.8909090909090909,0.0,0.8103432169936419,0.03904291092101453,0.3105538964677851,0.5463473390068581,nan,nan,3.2156753540039062,90.3230345249176,95.23034858703613
VO2_cold,phase change,5.0,5,3.17102202220808,0.263676044703724,0.31528441227156606,9.871769867858859,10.037063587033147,10.871769867858859,False,0,0.3785123966942149,0.7024793388429752,0.0,0.0,0.0021432286763533037,6.639897076610168e-09,0.12231404958677686,0.0049586776859504135,0.0021432370535307277,2.1815140693881574e-08,4.745289377272588e-07,5.479333098357131e-10,0.8090909090909091,0.07272727272727272,0.8839409159542392,0.04498205261809585,0.27151900198350465,0.6191132332139082,nan,nan,3.6377334594726562,99.82473587989807,106.98314642906189
VO2_hot,phase change,5.0,5,3.3775686277178862,4.36704890926979,5.647996961967068,-9.123472769333674,-3.2650720704453184,2.2650720704453184,False,0,0.4132231404958678,0.8710743801652893,0.0,0.0,0.04550908310165275,6.790630835418199e-09,0.21652892561983472,0.02809917355371901,0.045509080051482964,2.4760696826220396e-08,3.435767650772359e-06,1.9962613784230143e-09,0.8454545454545455,0.045454545454545456,0.8276820337083161,0.034017739073580855,0.29631084967367005,0.6608569602640448,nan,nan,3.104503870010376,114.69056725502014,119.3661699295044
Si,semiconductor,1.0,5,4.641856704504418,0.6902201030077204,2.9417285349872264,13.303622996040056,33.78962468253809,14.303622996040056,False,0,0.7388429752066116,0.912396694214876,0.0,0.0,0.004229609057324918,1.2384968209322444e-06,0.5057851239669422,0.01818181818181818,0.004229705575785392,3.483763956713126e-05,3.867624263909075e-06,4.3860364951076036e-08,0.6,0.2,0.8716783241327066,0.04304825025495829,0.005635379489457248,0.4581942901337288,nan,nan,3.7121798992156982,122.65549516677856,130.5462565422058
Si_IR,semiconductor,5.0,21,3.4384618474957294,1.4898965381639368e-10,2.1936263032597315e-09,11.721965968425884,11.994798288132698,12.721965968425884,True,132,0.11530893349075168,0.4309327036599764,0.0,0.0,0.0015505857791092703,1.59031121604869e-11,0.018496654860291225,0.0007870916961826052,0.001550585780995345,2.7328712237650876e-08,4.2159944979580644e-10,6.960015896950722e-12,0.45454545454545453,0.22943722943722944,0.8946186273795821,0.04982046428457565,nan,nan,-2.312023581722575,-7.296501393785229,14.235118627548218,294.28275084495544,322.12935614585876
Ge,semiconductor,1.0,5,4.552290751432826,1.8396540806510207,2.7388249943596557,8.807794908607098,29.444582841840322,9.807794908607098,False,0,0.4231404958677686,0.9388429752066115,0.0,0.0,0.006826154601028034,8.171128096368108e-08,0.1884297520661157,0.024793388429752067,0.006826218704924059,3.8404225399801817e-07,1.6290617408376562e-06,1.3045289598556664e-08,0.8,0.09090909090909091,0.8484800432149694,0.03928456374795841,0.22955955270279094,0.5676101618247479,nan,nan,3.6243369579315186,121.92239689826965,129.62978863716125
Ge_IR,semiconductor,10.0,19,3.969067966594244,0.0,0.0,15.680489828347225,15.927006740267911,16.680489828347227,True,136,0.1300565463244889,0.48368856024358414,0.0,0.0,0.00032610189239667964,4.520722685086298e-11,0.007394519356241845,0.0,0.00032610191680099154,4.912131707501821e-07,4.3187933784771815e-10,4.11583545023575e-11,0.361244019138756,0.3133971291866029,0.87205108803711,0.05210252605760857,nan,nan,-3.593973140960746,-6.7219424921010145,13.283305883407593,283.8326451778412,310.2348759174347
GaAs,semiconductor,1.0,5,3.99017595397141,0.9679455059246258,2.0543715028169447,10.185504018855287,18.330982988015702,11.185504018855287,False,0,0.44958677685950416,0.9057851239669421,0.0,0.0,0.005936315002805614,6.88010075022838e-08,0.17355371900826447,0.01487603305785124,0.005936320891650193,5.801972792762733e-07,1.1023801337883832e-06,1.4500960460184231e-08,0.7727272727272727,0.08181818181818182,0.8721714594994797,0.042844487485720006,0.09870820036320804,0.5711634728541678,nan,nan,3.663928747177124,122.32983088493347,130.09296822547913
InP,semiconductor,0.5,5,2.377622513987291,2.0286577387290974,2.9050993744338878,-6.133411673799881,17.72756690883054,1.6798729999999993,False,0,0.39669421487603307,0.6016528925619835,0.0,0.0,0.0018765978868424127,2.801049003853251e-09,0.17520661157024794,0.008264462809917356,0.0018765983322002744,2.779719010526094e-09,2.0730898547538512e-06,2.475131211099324e-11,0.9,0.00909090909090909,0.8594087879133709,0.04557177573243887,0.41090777668542355,0.685114161911884,nan,nan,3.4152660369873047,89.67685055732727,95.0742859840393
GaP,semiconductor,0.5,5,2.597270122573986,2.3663308428943175,4.168963545555457,-10.99704913495265,16.55780944228551,4.522619,False,0,0.41818181818181815,0.6264462809917355,0.0,0.0,0.0029433650028726777,5.3359003882036404e-09,0.20165289256198346,0.019834710743801654,0.0029433600363699686,4.9665027090917135e-09,3.69437086866764e-06,2.968533197034162e-10,0.8727272727272727,0.01818181818181818,0.871157863382649,0.04129500399025776,0.22632522496497331,0.6233629447666551,nan,nan,3.0912744998931885,92.98581457138062,97.99819111824036
InSb,semiconductor,5.0,5,3.9135400621996927,0.08784327174761117,0.11039841334954137,15.151176435159396,15.531946120231582,16.151176435159396,False,0,0.5867768595041323,0.8115702479338843,0.0,0.0,0.0036348376334096044,5.513232864684525e-08,0.14214876033057852,0.01652892561983471,0.0036348354648847447,6.020551740482105e-07,5.682569268472548e-07,7.440159793814516e-09,0.6909090909090909,0.13636363636363635,0.870091857064573,0.04258161747736933,0.1286698512831307,0.24053972776611388,nan,nan,3.318178653717041,111.55300951004028,119.36572623252869
CdTe,semiconductor,1.0,5,3.083627314928284,0.613774593613793,1.4773310499160852,7.586762553327928,10.894444480412377,8.586762553327928,False,0,0.371900826446281,0.6991735537190082,0.0,0.0,0.00172879347607921,4.947391551990421e-09,0.1256198347107438,0.0049586776859504135,0.0017288031778923685,9.701813158402572e-09,6.172523496772442e-07,3.4566755013898387e-10,0.8363636363636363,0.06363636363636363,0.8889930591168622,0.04469378143795455,0.04113682965183063,0.6784768706865282,nan,nan,3.5159060955047607,97.09986233711243,104.13879680633545
MAPbI3,semiconductor,1.0,5,2.3366439702055724,0.4660563431151993,0.8301106876102202,3.4380065836491296,5.866134107625966,4.43800658364913,False,0,0.41487603305785126,0.5884297520661157,0.0,0.0,0.000820366503008152,1.5542443998484146e-09,0.14049586776859505,0.0,0.0008203670517177852,1.7126536577816154e-09,3.5266732831273906e-07,5.030600935818086e-12,0.8818181818181818,0.00909090909090909,0.8945060322842737,0.04556730129815334,0.036026478790525784,0.8194327720277738,nan,nan,3.5311577320098877,88.96039867401123,95.3143789768219
MoS2,semiconductor,1.0,5,4.07342448340923,2.013036386473343,3.301854725626724,0.3584577842916694,20.033554270029374,1.3584577842916694,False,0,0.40826446280991735,0.8776859504132232,0.0,0.0,0.005002554532510861,3.10788335067258e-08,0.1933884297520661,0.021487603305785124,0.005002553583584368,2.989337656300606e-07,2.6165518704490687e-06,3.0305469800318008e-09,0.7909090909090909,0.0,0.8608932873127654,0.04077136795283742,0.21719210897191166,0.6166903556794888,nan,nan,3.2932028770446777,119.06373882293701,125.3498764038086
SiO2,dielectric,1.0,13,1.4651058901225704,0.0,0.0,2.1099917230196628,2.187008878124807,3.1099917230196628,True,52,0.1760966306420852,0.3458359821996186,0.0,0.0,1.1201751743232513e-05,1.0462707089597956e-11,0.01080737444373808,0.0,1.1201751745931743e-05,5.080323869921521e-10,5.780651998743558e-10,4.517219931443606e-15,0.8671328671328671,0.013986013986013986,0.913526165631926,0.04404094622088928,nan,nan,-3.673702227583891,-8.778026660500636,8.952325820922852,161.59707736968994,175.55920362472534
sapphire,dielectric,1.0,13,1.7744243588375441,0.0,0.0,3.086581060277956,3.2393721909525035,4.086581060277956,True,68,0.161474888747616,0.35982199618563254,0.0,0.0,9.084475258958058e-05,7.558093040316294e-12,0.014621741894469168,0.0,9.084475245456358e-05,1.984459124804161e-10,4.536343939376408e-10,1.4072076837123859e-14,0.8426573426573427,0.02097902097902098,0.9165396837728947,0.046004268533453296,nan,nan,-3.4600842067977555,-8.239408237335875,8.391202211380005,161.7115020751953,175.27311968803406
Si3N4,dielectric,1.0,16,2.067215549076532,0.0,0.0,4.062100843874247,4.558371529576739,5.062100843874247,True,92,0.20506198347107438,0.3827479338842975,0.0,0.0,0.00037447568643428353,2.0158409663739718e-11,0.02737603305785124,0.0,0.00037447567963307116,3.941331705448192e-10,5.660977311916504e-10,1.0116213422506348e-13,0.7755681818181818,0.04261363636363636,0.8914208933056107,0.05065364167250552,nan,nan,-3.201708178067904,-8.179351912235688,21.679506301879883,395.2191627025604,431.7272870540619
TiO2,dielectric,1.0,19,2.671673755210834,0.0,0.0,6.191056556003605,8.246652007648184,7.191056556003605,True,136,0.24532405393649412,0.44062635928664634,0.0,0.0,0.0004696290222966082,1.1794815124588354e-11,0.02435841670291431,0.0,0.0004696290199578401,9.454479810155902e-09,1.6750680009725016e-10,1.1044637426849135e-12,0.562200956937799,0.16507177033492823,0.8949618961382246,0.04730767011916848,nan,nan,-2.9869140289368032,-7.915065338362953,27.056488752365112,533.5425963401794,581.8429322242737
ZnO,dielectric,1.0,16,2.0415866325782828,0.0,0.0,3.78622732039919,4.4327054567392965,4.78622732039919,True,104,0.25671487603305787,0.44731404958677684,0.0,0.0,0.0002601600631050166,2.1642639069785474e-11,0.02221074380165289,0.0,0.00026016006168143313,4.113974438890722e-10,7.024079998196875e-10,8.024136910478319e-14,0.7670454545454546,0.09375,0.8922150184132837,0.04960758431260426,nan,nan,-2.8489189665191663,-8.303599367926068,22.599167823791504,460.076952457428,498.9012784957886
ZnGeP2,dielectric,5.0,20,3.1373059125247886,0.0,0.0,9.722138743713135,9.993520255814346,10.722138743713135,True,128,0.11322314049586776,0.4305785123966942,0.0,0.0,0.00010970524760967049,1.799632665111517e-11,0.015289256198347107,0.0,0.00010970524600170672,1.5690814703095413e-08,4.1995995569976685e-10,1.3065326598393767e-11,0.45454545454545453,0.19090909090909092,0.8819528203154238,0.0600552571726265,nan,nan,-3.539556664245108,-7.453273284546965,28.32726788520813,567.8610279560089,623.4020204544067
diamond,dielectric,1.0,18,2.4299042717967985,0.0,0.0,5.748294669050045,6.141830628572897,6.748294669050045,True,112,0.18135904499540864,0.40955004591368227,0.0,0.0,0.0003694409966250589,1.6612419773132103e-11,0.020202020202020204,0.0,0.0003694409967837653,1.0808594297362362e-09,1.1327863647103698e-10,3.372441215176991e-13,0.702020202020202,0.11616161616161616,0.9030642349820422,0.05105641172216446,nan,nan,-2.986796896804507,-8.014178151148835,25.945072412490845,503.8657624721527,548.099561214447
HfO2,dielectric,0.5,16,2.161135368016021,0.0,0.0,3.654835874512023,5.733630249999999,4.654835874512023,True,124,0.27789256198347106,0.4581611570247934,0.0,0.0,0.0003673920601792724,2.064101667365037e-11,0.019111570247933883,0.0,0.0003673920623985527,2.3842332830259494e-09,3.162647296828247e-10,3.738814813303293e-13,0.7528409090909091,0.045454545454545456,0.9043114166483129,0.04447834926547234,nan,nan,-2.7856677737537527,-8.29033166623124,20.83622145652771,439.6434950828552,476.4062805175781
Ta2O5,dielectric,1.0,18,2.183627866118548,0.00015228868344045946,0.000655,4.408313502052708,5.368711005279001,5.408313502052708,False,108,0.21441689623507806,0.38292011019283745,0.0,0.0,0.00019164125613457816,1.5680956533259405e-11,0.02295684113865932,0.0,0.0001916412567400383,6.469861035807156e-10,1.2573167507134997e-10,1.8730850204207172e-13,0.7095959595959596,0.08333333333333333,0.8862675881626959,0.05769158797591245,-2.319842096198954e-09,0.0032206632944487,nan,nan,28.848230600357056,528.077877998352,584.2532496452332
LiNbO3,dielectric,1.0,19,2.345813141519282,0.0,0.0,5.034814835523366,5.950043444904931,6.034814835523366,True,132,0.2309699869508482,0.40278381905176164,0.0,0.0,0.00032693484217649615,1.607358690591809e-11,0.02218355806872553,0.0,0.000326934843172505,1.8268476731364558e-09,1.7574189326019507e-10,4.1398828809491306e-13,0.65311004784689,0.09569377990430622,0.8933301749758268,0.05437355961479862,nan,nan,-2.7982227651921368,-8.196646654897304,38.71075892448425,703.7442486286163,773.9570107460022
GaN,dielectric,1.0,18,2.4526952899084975,0.0,0.0,5.483443722341701,7.163141328496773,6.483443722341701,True,108,0.24885215794306703,0.4297520661157025,0.0,0.0,0.0003415923823369138,2.0879159512432466e-11,0.02938475665748393,0.0,0.00034159238255973556,2.168859397633227e-09,1.7871094881716232e-10,3.464450948342801e-13,0.6818181818181818,0.06565656565656566,0.9058354562448704,0.05065909165081628,nan,nan,-3.0487395630499754,-8.014455941719495,41.53028440475464,793.1176106929779,864.8622262477875
AlN,dielectric,0.5,18,2.385929975609888,0.0,0.0,4.738975534158804,6.6531403451708675,5.738975534158804,True,144,0.2548209366391185,0.4123048668503214,0.0,0.0,0.0002757080721097066,1.8298543236205944e-11,0.03535353535353535,0.0,0.0002757080758424013,1.3517252872574659e-09,1.1657882992288648e-10,6.024902798884568e-13,0.6717171717171717,0.07575757575757576,0.9037114938468264,0.052215537345271956,nan,nan,-2.938837451222982,-8.013880355939023,41.72362160682678,771.5877833366394,844.78200507164
ZnS,dielectric,5.0,15,2.260736727600779,0.0,0.0,5.063433952552959,5.147056685432861,6.063433952552959,True,72,0.11019283746556474,0.343801652892562,0.0,0.0,0.0003193573717269471,1.3304524149049257e-11,0.013774104683195593,0.0,0.00031935737215396665,8.397659234660182e-10,1.8250306821343543e-10,1.8167412019209905e-13,0.7424242424242424,0.04242424242424243,0.898816462496657,0.051433934597836184,nan,nan,-2.716296179966156,-8.112819166212747,36.3508460521698,601.739705324173,663.9308350086212
SiO2_IR,phonon polariton,20.0,5,1.4558997203200144,0.46718690810586416,1.819650839070897,0.21233154801527152,3.2334275988349046,1.2123315480152714,False,8,0.42644628099173554,0.5752066115702479,0.0,0.0,8.814145478462654e-05,2.4941732013061824e-10,0.06776859504132231,0.0,8.81413853267704e-05,1.0336421996104406e-10,7.822030398776155e-08,1.4001126646956408e-13,0.9181818181818182,0.00909090909090909,0.91793743539929,0.04646937953531105,0.0008275665946135824,0.6462297070306038,nan,nan,11.555798768997192,268.1319041252136,286.3624691963196
sapphire_IR,phonon polariton,25.0,5,0.679506362461096,0.9811048421710128,2.782537125996693,-7.725657730574994,1.5337058353268402,0.1246917986820848,False,0,0.3239669421487603,0.543801652892562,0.0,0.0,0.03390142589127665,2.4578518734164057e-10,0.14214876033057852,0.02975206611570248,0.033901425834352406,9.612238782708005e-10,6.179174365673196e-08,1.0130785099704553e-14,0.9181818181818182,0.00909090909090909,0.8823509172675973,0.0690811866158777,0.05757931997721322,0.8192611065570027,nan,nan,5.227503776550293,117.92842650413513,125.82352256774902
SiC_film,phonon polariton,20.0,5,3.0397295198917322,0.37800425211450583,0.8634617145805124,7.424101343144982,13.985159561030718,8.424101343144983,False,0,0.3834710743801653,0.6859504132231405,0.0,0.0,0.0015122820253377356,4.753883731112296e-09,0.12231404958677686,0.0049586776859504135,0.0015122814875327684,1.2718225417263085e-08,2.566150643923404e-07,6.14137074528287e-11,0.8363636363636363,0.07272727272727272,0.8692677682796267,0.04484514010832408,0.23267023771815432,0.7129025940973954,nan,nan,11.70899772644043,287.35212659835815,302.70299339294434
SiC,phonon polariton,20.0,5,1.9640027146992076,0.7776589693369829,3.859683907820098,-14.882541870104173,13.960769378223409,3.436856769752663,False,8,0.4578512396694215,0.6363636363636364,0.003305785123966942,0.0,0.10204714167837836,7.0227235138276e-10,0.15206611570247933,0.03966942148760331,0.054029936430523895,4.228394584471218e-08,1.224294042673213e-07,3.7530978325150954e-11,0.8818181818181818,0.0,0.8953055939046265,0.035209391019222824,0.0065703766688361975,0.056631790016548056,nan,nan,10.659933805465698,278.0188808441162,293.60893154144287
