key,category,period,n_first,n_last,windows,Rmin,Rspread,Rabs_min,Rabs_max,bad,Dsmall,Dmed,absorb,lossless,seconds
Ag,plasmonic metal,1.0,0.04+5.79j,0.138+1.16j,5,0.9648764120335603,0.004160835259173878,0.7883548150896473,0.9953721211661787,0.00025,nan,nan,0.021461767382786157,False,1.4202110767364502
Au,plasmonic metal,1.0,0.161+5.14j,1.48+1.87j,5,0.9200240135655011,0.012514047857037691,0.38233442515916743,0.9768218780635333,0.0,nan,nan,0.5949536902420048,False,1.3345212936401367
Cu,plasmonic metal,1.0,0.264+5.24j,1.36+1.87j,5,0.8823393654498183,0.013092111138967799,0.3949640599178706,0.9636383591532313,0.0,nan,nan,0.4459194063199717,False,1.363135576248169
Al,plasmonic metal,0.5,0.524+5.01j,0.0888+1.87j,5,0.7912324220114969,0.0178662465285071,0.7318812822408297,0.9263022354501248,0.0,nan,nan,0.0757152124875366,False,1.4587891101837158
Na,plasmonic metal,1.0,0.052+3.58j,0.0569+1.19j,5,0.892024005075082,0.00821586612432934,0.8786903835095253,0.9850454775795695,0.0,nan,nan,0.05624168945861241,False,1.2989869117736816
K,plasmonic metal,1.5,0.049+3.82j,0.0465+1.32j,5,0.9253685861614602,0.006846261580927382,0.9138005314014969,0.9874944288297836,0.0,nan,nan,0.036402065383498716,False,1.3406634330749512
Mg,plasmonic metal,0.5,0.399+3.7j,0.159+1.93j,5,0.6848901162013038,0.03054508268545275,0.6150444140984244,0.8979890242722769,0.0,nan,nan,0.12496352902662111,False,1.3548007011413574
AuAg50,plasmonic metal,1.0,0.393+5.5j,1.41+1.6j,5,0.8574106890430754,0.013516777138944946,0.3216868725362656,0.9511463193439222,0.0,nan,nan,0.24730289348041318,False,1.3755512237548828
Au_IR,plasmonic metal,10.0,7.77+55.5j,1.45+23.6j,5,0.9897168922106067,0.0013145546257821161,0.9798170199337971,0.9904483781105385,0.0,nan,nan,0.010214531734908494,False,1.4465618133544922
Ag_IR,plasmonic metal,10.0,6.98+57.7j,1.24+24.3j,5,0.9904699296765015,0.0011277357092371876,0.9822928105456867,0.9920491671745214,0.0,nan,nan,0.008357227238880827,False,1.3694612979888916
TiN,alternative plasmonic,1.0,1.82+3.82j,2.17+1.1j,5,0.750937064169555,0.052182817721914354,0.19461894156234152,0.6761443699763613,0.0,nan,nan,0.7031858662139291,False,1.6778109073638916
ITO,ENZ / TCO,2.0,0.23+1.7j,1.7+0.0167j,5,0.6207881495410934,0.15305245203926288,0.01936573216099755,0.790166376676387,0.0,nan,nan,0.20685041308511468,False,1.7210586071014404
AZO,ENZ / TCO,10.0,2.96+6.12j,0.869+2.75j,5,0.80576395440461,0.025986016006268597,0.6263845504162519,0.7773478434101206,0.0,nan,nan,0.26546301326395655,False,1.427018165588379
W,lossy metal,1.0,1.21+9.63j,1.65+3.7j,5,0.9257470718881046,0.0091559641526755,0.6774233133482545,0.950553599638523,0.0,nan,nan,0.20059557402193762,False,1.4531948566436768
Fe,lossy metal,1.0,2.94+3.41j,1.86+2.28j,5,0.8012576222481126,0.05050730106299672,0.4390820503011064,0.566531090683833,0.0,nan,nan,0.500144664516299,False,1.3838984966278076
Co,lossy metal,1.0,2.54+4.91j,1.48+2.53j,5,0.7744072789856631,0.036847848119273885,0.5236176551929896,0.7224626040591194,0.0,nan,nan,0.3718173119502463,False,1.3908421993255615
Cr,lossy metal,1.0,3.21+3.48j,1.77+2.59j,5,0.8059931975600891,0.04778577903985248,0.459448251011497,0.5699825601767342,0.0,nan,nan,0.4542721080070711,False,1.4828276634216309
Ni,lossy metal,1.0,2.27+5j,1.78+2.27j,5,0.767892711343207,0.03585088737240183,0.442418000538701,0.7450580024763045,0.0,nan,nan,0.41258372127651555,False,1.473803997039795
Ti,lossy metal,1.0,3.22+4j,1.73+2.82j,5,0.8003402316034167,0.043236350824194414,0.49580867096227904,0.6194432053373583,0.0,nan,nan,0.44936022035368645,False,1.3933358192443848
Pt,lossy metal,1.0,0.6+8.4j,1.43+3.08j,5,0.9358391742816734,0.008499394101182611,0.6253591313486118,0.9671944829299935,0.0,nan,nan,0.12139389534887551,False,1.3382568359375
Pd,lossy metal,1.0,2.08+5.22j,1.22+2.58j,5,0.7663766822426139,0.0319173361112044,0.5738189138751758,0.7737836932803616,0.0,nan,nan,0.3337345240943292,False,1.437878131866455
Mo,lossy metal,1.0,1.83+12j,0.448+4.24j,5,0.9426132895964263,0.0064747881109871175,0.8966472628473952,0.9589564000177263,0.0,nan,nan,0.049995012011733786,False,1.3337147235870361
brass,lossy metal,1.0,0.483+5.1j,1.5+1.81j,5,0.8092699629247003,0.01569927122033199,0.36742774642666604,0.9316122517325774,0.0,nan,nan,0.4750594185366726,False,1.4817564487457275
steel,lossy metal,1.0,3.17+4.84j,1.4+2.44j,5,0.7925502859069227,0.03674928189675419,0.5167049250520173,0.6893977552098673,0.0,nan,nan,0.3893089797267043,False,1.426098346710205
VO2_cold,phase change,5.0,3.17+0.233j,3.16+0.315j,5,0.8980210381509011,0.04131010089735432,0.24476420361329265,0.27529682705586517,0.0,nan,nan,0.4901352377876597,False,2.9126858711242676
VO2_hot,phase change,5.0,5.35+5.65j,2.09+3.23j,5,0.8508980050263398,0.028006496089830746,0.5771381990614277,0.7036527345119633,0.0,nan,nan,0.35053393995181453,False,1.4288599491119385
Si,semiconductor,1.0,3.65+0.00418j,5.3+2.94j,5,0.9013786138487948,0.037529237510900426,0.2941128314150534,0.5614958615956104,0.0,nan,nan,0.15030855187828823,False,3.4523026943206787
Si_IR,semiconductor,5.0,3.42+2.19e-09j,3.46+2.09e-10j,21,0.9035702735141162,0.0471621343360723,0.2717634614685495,0.3044353183910216,0.0,-10.147351089685246,-9.177441547333258,nan,True,9.66954493522644
Ge,semiconductor,1.0,4.63+0.25j,4.04+2.74j,5,0.8939915071276162,0.035195532332309876,0.37522777816988206,0.5236710156219261,0.0,nan,nan,0.49232398680399114,False,3.4612014293670654
Ge_IR,semiconductor,10.0,3.96+0j,3.99+0j,19,0.8777037290168087,0.049964849273789524,0.31288446847524576,0.35899423737743813,0.0,-11.573348301995141,-9.137241172295063,nan,True,9.657610654830933
GaAs,semiconductor,1.0,3.6+0.0782j,3.76+1.99j,5,0.9010687837226744,0.038347164102257136,0.28902632807319034,0.477639008447151,0.0,nan,nan,0.5223464205166334,False,3.3212831020355225
InP,semiconductor,0.5,4.39+1.23j,1.34+2.11j,5,0.8775812898007789,0.03986910355119122,0.3667444024541627,0.5890817377173693,0.0,nan,nan,0.5403734130883427,False,1.6711113452911377
GaP,semiconductor,0.5,4.08+0.221j,1.31+2.69j,5,0.8958927856919292,0.037230626300595704,0.33132805480514843,0.6610502141496146,0.0,nan,nan,0.41685538540342043,False,1.6889593601226807
InSb,semiconductor,5.0,3.91+0.11j,3.94+0.0769j,5,0.8973635496514941,0.03726890541097161,0.3152752364155592,0.35451607269494284,0.0,nan,nan,0.1936872904185386,False,3.407987117767334
CdTe,semiconductor,1.0,2.92+0.0278j,3.13+1.48j,5,0.9049006850492451,0.040139741674402596,0.21792163290685176,0.34892636496553164,0.0,nan,nan,0.632975608070496,False,2.752140760421753
MAPbI3,semiconductor,1.0,2.42+0.0222j,2.03+0.83j,5,0.9102514467703199,0.041326072179282636,0.1579381279513013,0.20414472728184063,0.0,nan,nan,0.6778179010244969,False,2.1810052394866943
MoS2,semiconductor,1.0,4.48+0.226j,2.73+2.46j,5,0.89436629695692,0.0355772297193373,0.3641423754630543,0.5510759400906593,0.0,nan,nan,0.4518247272161752,False,2.3426153659820557
SiO2,dielectric,1.0,1.45+0j,1.48+0j,13,0.9180447874634251,0.042019160661883825,0.03147330362491604,0.03729947507629057,0.0,-13.986106821637069,-10.387084649437162,nan,True,4.013413667678833
sapphire,dielectric,1.0,1.76+0j,1.8+0j,13,0.9228515701240536,0.04356983204943776,0.07018274123385485,0.08157597028475769,0.0,-13.585373912780861,-10.291188997941008,nan,True,4.4763782024383545
Si3N4,dielectric,1.0,2.02+0j,2.14+0j,16,0.8987846283408254,0.047976378470656944,0.10380442367020079,0.13101733594811704,0.0,-12.766505396476065,-9.89593033722029,nan,True,5.595579624176025
TiO2,dielectric,1.0,2.49+0j,2.87+0j,19,0.9026850406582848,0.0446404925367363,0.17056328154562111,0.23370295350876125,0.0,-12.288586883696283,-9.827096711150062,nan,True,7.388563632965088
ZnO,dielectric,1.0,1.95+0j,2.11+0j,16,0.8991060381141731,0.0472203627153962,0.09566680383318821,0.12670612198047423,0.0,-12.687066053805541,-9.818661164856184,nan,True,5.6673808097839355
ZnGeP2,dielectric,5.0,3.12+0j,3.16+0j,20,0.8880570832425835,0.056498033376518375,0.2355764063994284,0.2695965276212468,0.0,-11.956810339325399,-9.533501050968045,nan,True,9.318813800811768
diamond,dielectric,1.0,2.4+0j,2.48+0j,18,0.9107207351736475,0.0481995507654126,0.1551604730794085,0.1805249452002386,0.0,-12.565867069715829,-10.074808567693529,nan,True,6.433715343475342
HfO2,dielectric,0.5,1.91+0j,2.39+0j,16,0.911109365808863,0.042270400801206365,0.09385882999492141,0.16876417415444114,0.0,-12.34117082515643,-9.796437388709341,nan,True,5.587571859359741
Ta2O5,dielectric,1.0,2.1+0j,2.32+0.000655j,18,0.8934443401172556,0.05467049631151677,0.1152259724673344,0.1575586019832418,0.0,nan,nan,0.0002012141730416396,False,6.264114141464233
LiNbO3,dielectric,1.0,2.24+0j,2.44+0j,19,0.9009901010110891,0.051294775600645326,0.13522023007306463,0.17512463034299422,0.0,-12.538282183131122,-9.891219627266187,nan,True,7.26494574546814
GaN,dielectric,1.0,2.34+0j,2.68+0j,18,0.9125696169686305,0.04793612926880653,0.14974702435634885,0.20781814953793215,0.0,-12.460435176172561,-9.948895660665016,nan,True,6.65428900718689
AlN,dielectric,0.5,2.18+0j,2.58+0j,18,0.9095559732558192,0.049427655052321495,0.12923572695803506,0.19469251006727073,0.0,-12.283555849846962,-9.902785715922391,nan,True,6.724147081375122
ZnS,dielectric,5.0,2.25+0j,2.27+0j,15,0.9062327267427556,0.04885605064440801,0.1346042267334874,0.1505848895335623,0.0,-12.582414484075938,-10.133985740132612,nan,True,5.423274755477905
SiO2_IR,phonon polariton,20.0,1.42+0.146j,1.09+0.000147j,5,0.9259752550843806,0.04341625452742559,0.0017062943040494077,0.3593151679832113,0.0,nan,nan,0.4703063974197621,False,1.6232476234436035
sapphire_IR,phonon polariton,25.0,1.01+1.03j,1.24+0.0623j,5,0.887148648632561,0.06977856640998503,0.0030016187668146163,0.9424199561689272,0.0,nan,nan,0.3026327314813768,False,1.478165626525879
SiC_film,phonon polariton,20.0,3.78+0.551j,2.95+0.0649j,5,0.8910556869971318,0.0402708956734783,0.21793748931613777,0.34691333703313076,0.0,nan,nan,0.4840386275341829,False,2.8051931858062744
SiC,phonon polariton,20.0,3.74+0.0105j,2.28+0.00138j,5,0.9041659605852859,0.03483397384792275,0.04675411885821339,0.9700607976795552,0.0,nan,nan,0.01676406471572029,False,2.040724039077759
