key,category,period,n_q1,n_q6,windows,Rmin,Rspread,Rabs_min,Rabs_max,bad,Dsmall,Dmed,absorb,lossless,seconds
Ag,plasmonic metal,1.0,0.0484+4.54j,1.07+1.21j,6,0.07805933863892922,0.7131854592706295,0.018279818327278194,0.9910730107002331,0.0,nan,nan,0.748601914720282,False,6.597127437591553
Au,plasmonic metal,1.0,0.138+3.76j,1.28+1.19j,6,0.025321391057118323,0.7906802631011003,0.009802965816309921,0.9641279639199783,0.0,nan,nan,0.7658997447307108,False,6.530143737792969
Cu,plasmonic metal,1.0,0.218+3.82j,0.94+1.34j,6,0.0367510525997163,0.7798618957173513,0.012178463923266747,0.9456144450759635,0.0,nan,nan,0.6791428779143467,False,6.458628416061401
Al,plasmonic metal,0.5,0.33+4j,0.387+0.0427j,6,0.5966833346964648,0.6296563447170925,0.19670544560498673,0.9257785038122215,0.00010416666666666667,nan,nan,0.12812264336617374,False,6.652416944503784
Na,plasmonic metal,1.0,0.0486+2.79j,0.0492+1.01j,6,0.21429663661465437,0.5076511718952816,0.1974267965100571,0.978047537304015,0.0003125,nan,nan,0.10333689305022498,False,6.987379312515259
K,plasmonic metal,1.5,0.04+3.01j,0.287+0.0907j,6,0.49150211284855694,0.5746665264210642,0.3107229796856666,0.9841635270578811,0.0,nan,nan,0.30029865112800286,False,6.510005950927734
Mg,plasmonic metal,0.5,0.22+2.86j,0.159+1.93j,6,0.1723281095321099,0.563904245417226,0.1508126097858006,0.9087938272654168,0.0,nan,nan,0.1558167552132521,False,6.4660279750823975
AuAg50,plasmonic metal,1.0,0.308+4.18j,1.34+1.56j,6,0.040249045905279286,0.8128135701694077,0.013175354037041889,0.9356927991211529,0.0,nan,nan,0.6991674419257088,False,6.546639919281006
Au_IR,plasmonic metal,10.0,5.19+45.3j,0.319+10.5j,6,0.9470645606526371,0.01380037382494681,0.9372778834135159,0.9900489821906058,0.00125,nan,nan,0.011665721862420209,False,6.705085039138794
Ag_IR,plasmonic metal,10.0,4.58+46.8j,0.255+10.8j,6,0.9536801941516299,0.011056721183372309,0.9456742103374453,0.9917520638742648,0.00125,nan,nan,0.00928508971180192,False,6.4917967319488525
TiN,alternative plasmonic,1.0,1.43+2.94j,1.37+1.52j,6,0.05331674839628131,0.6843733314086484,0.014607623546739813,0.6066772953162713,0.0,nan,nan,0.7270296723766297,False,6.333022356033325
ITO,ENZ / TCO,2.0,0.278+0.737j,2.31+0.0668j,6,0.19792682325548422,0.5421296847711259,0.016935351347602243,0.48886013857490696,0.0,nan,nan,0.15469320070123327,False,6.60119104385376
AZO,ENZ / TCO,10.0,2.24+5.24j,0.584+0.92j,6,0.039470801150738775,0.8107037882736737,0.024844893835493622,0.7641744537717508,0.0,nan,nan,0.5981083408192035,False,6.499401092529297
W,lossy metal,1.0,0.914+7.13j,0.803+1.92j,6,0.17993665963702143,0.5936444316354823,0.1365171042829512,0.9328809215108905,0.0,nan,nan,0.31630867559786086,False,6.55585789680481
Fe,lossy metal,1.0,2.91+3.12j,1.29+1.35j,6,0.027095266329727963,0.7697005180669025,0.010247471342615866,0.5340592916479894,0.0,nan,nan,0.7312920344131685,False,6.452436923980713
Co,lossy metal,1.0,2.26+4.3j,1.16+1.59j,6,0.024276507424964153,0.7932245042724492,0.011058773222604784,0.6894046888125371,0.0,nan,nan,0.6458736087895279,False,6.542670726776123
Cr,lossy metal,1.0,3.08+3.35j,1.28+1.64j,6,0.026728870110629577,0.7915479889645645,0.012553222365335055,0.5575152055457635,0.0,nan,nan,0.6537942313325771,False,6.506688833236694
Ni,lossy metal,1.0,2+4.3j,1.26+1.6j,6,0.02941634056577592,0.7383023759264923,0.012506052964307053,0.7087376117180871,0.0,nan,nan,0.6453762016561679,False,6.4776551723480225
Ti,lossy metal,1.0,2.78+3.86j,1.1+1.62j,6,0.02966135718796918,0.7946411822656193,0.014682306945162664,0.6189815969279214,0.0,nan,nan,0.6403904186649945,False,6.580207824707031
Pt,lossy metal,1.0,0.482+6.53j,1.47+1.52j,6,0.04800556968118847,0.7700162916976185,0.02785797451356002,0.9569542847697657,0.0,nan,nan,0.621164845311214,False,6.4835968017578125
Pd,lossy metal,1.0,1.81+4.46j,0.84+1.38j,6,0.02629948362032747,0.8064541350639574,0.013303421731089244,0.7392076077913641,0.0,nan,nan,0.6136535651884516,False,6.619221210479736
Mo,lossy metal,1.0,0.954+9.33j,0.61+1.77j,6,0.25357779763245036,0.5287468843473231,0.21226868416004632,0.957970023324505,0.0,nan,nan,0.33334497029327614,False,6.80684757232666
brass,lossy metal,1.0,0.444+3.83j,1.14+1.31j,6,0.035322234582628634,0.7898830041328065,0.01234317442885214,0.8939699785739113,0.0,nan,nan,0.729848456472374,False,6.692472457885742
steel,lossy metal,1.0,2.51+4.26j,1.12+1.57j,6,0.022144286783096573,0.8044643453964231,0.009938986179666513,0.669710151658872,0.0,nan,nan,0.6472359010976946,False,6.731829404830933
VO2_cold,phase change,5.0,3.16+0.221j,2.92+0.346j,6,0.11760529125261104,0.5395133374375902,0.03215940693729007,0.27499039912809226,0.0,nan,nan,0.7421089736792251,False,6.608601093292236
VO2_hot,phase change,5.0,4.35+5.19j,1.98+0.643j,6,0.05150597037073243,0.717737707963052,0.02729296542190835,0.6866715250182903,0.0,nan,nan,0.6680289502634413,False,6.529268741607666
Si,semiconductor,1.0,3.81+0.0131j,1.64+3.59j,6,0.20842743134052008,0.447145901723612,0.1469459332168207,0.703622040436147,0.0,nan,nan,0.3624316216789462,False,6.538734436035156
Si_IR,semiconductor,5.0,3.43+2.34e-11j,3.7+0.00681j,22,0.15532205166373675,0.4971583198525522,0.04777850672520575,0.327130661032697,0.0,nan,nan,0.0001512728184346428,False,23.73963975906372
Ge,semiconductor,1.0,5.19+0.528j,0.835+2.57j,6,0.16472901568241907,0.5524506191679102,0.11141107435668633,0.6746472657233052,0.0,nan,nan,0.4449151682436887,False,6.6199257373809814
Ge_IR,semiconductor,10.0,3.96+0j,4.22+0.000731j,27,0.18734637626331915,0.4426580130550988,0.06756891041634959,0.3800662303172604,2.3148148148148147e-05,nan,nan,0.0005823141288150353,False,29.707265615463257
GaAs,semiconductor,1.0,3.68+0.152j,1.31+2.29j,6,0.07235460858036201,0.5894590527660732,0.03346375252303137,0.552910302443976,0.0,nan,nan,0.5231952589558315,False,7.0095531940460205
InP,semiconductor,0.5,3.1+1.81j,1.34+2.11j,6,0.023338593942468018,0.8067420353609671,0.01076797741504554,0.4613807259164671,0.0,nan,nan,0.6126322575788494,False,6.5379486083984375
GaP,semiconductor,0.5,4.96+2.47j,1.31+2.69j,6,0.05424084280018617,0.7537391413143866,0.03164261543234387,0.5833724883094054,0.0,nan,nan,0.48035555104653455,False,6.586054801940918
InSb,semiconductor,5.0,3.9+0.0985j,4.66+0.937j,6,0.15113514872709527,0.48134136166098374,0.05425650650873016,0.43312895599118406,0.0,nan,nan,0.46406867186585166,False,6.597362756729126
CdTe,semiconductor,1.0,2.95+0.252j,2.47+1.89j,6,0.03598345184098781,0.6857521330733015,0.013236527490079709,0.3678504093651801,0.0,nan,nan,0.6649774723109749,False,6.56044340133667
MAPbI3,semiconductor,1.0,2.48+0.255j,1.98+0.559j,6,0.12619447315426516,0.5950589814185268,0.017487922107139838,0.20247511767040793,0.0,nan,nan,0.8623110770656439,False,6.517428636550903
MoS2,semiconductor,1.0,5.02+1.46j,1.11+2.17j,6,0.05313008192271069,0.6700163718870249,0.025859997629496576,0.5504996262145692,0.0,nan,nan,0.5340983264664523,False,6.710456371307373
SiO2,dielectric,1.0,1.46+0j,1.54+0j,14,0.2976901147556059,0.4995771541513265,0.011619387432571817,0.04496845442407783,0.0,-11.642116212504947,-7.072071403473642,nan,True,15.444838047027588
sapphire,dielectric,1.0,1.76+0j,1.91+0j,18,0.15667995833948622,0.5376333078163515,0.013276567129214415,0.09816712274636503,0.0,-11.297667861395645,-6.572575587661952,nan,True,19.91805624961853
Si3N4,dielectric,1.0,2.04+0j,2.18+0j,19,0.17867179336850703,0.5192209753269614,0.024495228623251816,0.13709622633456692,0.0,-10.975531049372092,-6.134385905272497,nan,True,21.820351123809814
TiO2,dielectric,1.0,2.57+0j,2.87+0j,24,0.12502723668437998,0.522821723131474,0.02921953805077216,0.2337053815284606,0.0,-10.190777072301715,-5.157169508397928,nan,True,26.120583534240723
ZnO,dielectric,1.0,1.98+0j,2.11+0j,17,0.13759977413922406,0.5524376967476738,0.017434965772256963,0.1267078080710816,0.0,-10.999713171383462,-6.155905753017146,nan,True,19.212635278701782
ZnGeP2,dielectric,5.0,3.13+0j,3.36+0j,25,0.14338892257017136,0.5414963666064543,0.038978277045863464,0.29259285744896396,0.0,-9.849654256049003,-4.739935666939074,nan,True,27.686291456222534
diamond,dielectric,1.0,2.41+0j,3.25+0.723j,17,0.07182480353024161,0.6612328849962839,0.01374371118946907,0.29858286788712685,0.0,nan,nan,1.8104432982779528e-06,False,19.48304033279419
HfO2,dielectric,0.5,1.98+0j,2.39+0j,18,0.13692225129894792,0.5483876747638206,0.023107844823367106,0.1687661764552414,6.944444444444444e-05,-10.674790550700545,-5.863126058569646,nan,True,19.516261339187622
Ta2O5,dielectric,1.0,2.13+0j,2.32+0.000655j,20,0.11274050852787153,0.570522523033071,0.017773778926378114,0.15765210888670153,0.0,nan,nan,0.004578167288375138,False,21.56788682937622
LiNbO3,dielectric,1.0,2.28+0j,2.44+0j,21,0.1758773135051033,0.5118288005102034,0.030800815027428725,0.17512670857651583,0.0,-10.467377132463096,-5.698562991102153,nan,True,23.183120012283325
GaN,dielectric,1.0,2.38+0j,2.71+0j,20,0.15975950665286032,0.5492971797468098,0.0340096276736851,0.21288014958373822,0.0,-10.234612494995561,-5.308843850094147,nan,True,21.85613512992859
AlN,dielectric,0.5,2.24+0j,2.58+0j,21,0.10266275191111025,0.5631785592143013,0.019987889117727507,0.1946946555166754,0.0,-10.266378691083931,-5.41151518330695,nan,True,22.90121603012085
ZnS,dielectric,5.0,2.26+0j,2.32+0j,20,0.09655323657103826,0.5906659594160918,0.014624645111430145,0.1577631718327807,0.0,-10.818752955717137,-5.93915753209317,nan,True,21.462290048599243
SiO2_IR,phonon polariton,20.0,1.9+0.171j,1.09+0.000147j,10,0.2859445226224783,0.5057123882523624,0.0005057014924377618,0.23844403523828656,0.0,nan,nan,0.0016181298632974167,False,10.870644807815552
sapphire_IR,phonon polariton,25.0,1.06+4.92j,1.68+0.021j,6,0.25110540495451567,0.4953078576769129,0.0035034822143748456,0.8505793192579358,0.0,nan,nan,0.23770160110640232,False,6.611629009246826
SiC_film,phonon polariton,20.0,3.36+1.01j,3.11+0.00841j,6,0.1511926852906785,0.51603664155075,0.03794085417210229,0.3289639164796437,0.0,nan,nan,0.15772938970255618,False,6.755894899368286
SiC,phonon polariton,20.0,5.84+0.116j,2.52+6.24e-05j,15,0.11755949137807874,0.6332323661913302,0.01990983439614815,0.4993077405966477,4.1666666666666665e-05,nan,nan,0.003421692179631554,False,17.91024684906006
